timestamp,src_ip,dst_ip,event_type,bytes,anomaly,cluster
2023-01-01 00:00:00,10.0.0.3,192.168.1.1,login,7131,1,1
2023-01-01 01:00:00,10.0.0.1,192.168.1.1,malware_detected,9859,-1,1
2023-01-01 02:00:00,10.0.0.3,192.168.1.1,file_access,5441,1,2
2023-01-01 03:00:00,10.0.0.3,192.168.1.1,login,138,-1,0
2023-01-01 04:00:00,10.0.0.1,192.168.1.2,malware_detected,4975,1,2
2023-01-01 05:00:00,10.0.0.1,192.168.1.1,file_access,1356,1,0
2023-01-01 06:00:00,10.0.0.3,192.168.1.2,malware_detected,7797,1,1
2023-01-01 07:00:00,10.0.0.2,192.168.1.2,file_access,2296,1,0
2023-01-01 08:00:00,10.0.0.3,192.168.1.1,malware_detected,7265,1,1
2023-01-01 09:00:00,10.0.0.3,192.168.1.2,file_access,401,1,0
2023-01-01 10:00:00,10.0.0.3,192.168.1.2,login,7627,1,1
2023-01-01 11:00:00,10.0.0.3,192.168.1.2,file_access,6481,1,2
2023-01-01 12:00:00,10.0.0.1,192.168.1.2,malware_detected,746,1,0
2023-01-01 13:00:00,10.0.0.3,192.168.1.1,malware_detected,8889,1,1
2023-01-01 14:00:00,10.0.0.2,192.168.1.2,file_access,8953,1,1
2023-01-01 15:00:00,10.0.0.1,192.168.1.1,login,4430,1,2
2023-01-01 16:00:00,10.0.0.2,192.168.1.2,login,9660,1,1
2023-01-01 17:00:00,10.0.0.2,192.168.1.2,file_access,7103,1,1
2023-01-01 18:00:00,10.0.0.2,192.168.1.1,file_access,3637,1,2
2023-01-01 19:00:00,10.0.0.2,192.168.1.2,malware_detected,4658,1,2
2023-01-01 20:00:00,10.0.0.1,192.168.1.2,login,6679,1,2
2023-01-01 21:00:00,10.0.0.1,192.168.1.2,file_access,8574,1,1
2023-01-01 22:00:00,10.0.0.2,192.168.1.1,login,9778,-1,1
2023-01-01 23:00:00,10.0.0.2,192.168.1.2,file_access,4182,1,2
2023-01-02 00:00:00,10.0.0.1,192.168.1.1,file_access,4283,1,2
2023-01-02 01:00:00,10.0.0.1,192.168.1.2,login,8752,1,1
2023-01-02 02:00:00,10.0.0.1,192.168.1.1,file_access,3854,1,2
2023-01-02 03:00:00,10.0.0.3,192.168.1.1,file_access,1824,1,0
2023-01-02 04:00:00,10.0.0.3,192.168.1.2,malware_detected,1476,1,0
2023-01-02 05:00:00,10.0.0.3,192.168.1.2,file_access,8806,1,1
2023-01-02 06:00:00,10.0.0.2,192.168.1.1,file_access,8994,1,1
2023-01-02 07:00:00,10.0.0.3,192.168.1.1,file_access,1753,1,0
2023-01-02 08:00:00,10.0.0.2,192.168.1.2,malware_detected,2166,1,0
2023-01-02 09:00:00,10.0.0.2,192.168.1.1,login,122,-1,0
2023-01-02 10:00:00,10.0.0.3,192.168.1.2,malware_detected,2560,1,0
2023-01-02 11:00:00,10.0.0.2,192.168.1.2,malware_detected,6026,1,2
2023-01-02 12:00:00,10.0.0.3,192.168.1.2,login,6351,1,2
2023-01-02 13:00:00,10.0.0.3,192.168.1.2,malware_detected,9596,1,1
2023-01-02 14:00:00,10.0.0.1,192.168.1.1,login,7395,1,1
2023-01-02 15:00:00,10.0.0.3,192.168.1.2,malware_detected,3400,1,0
2023-01-02 16:00:00,10.0.0.1,192.168.1.1,login,6379,1,2
2023-01-02 17:00:00,10.0.0.3,192.168.1.2,file_access,8653,1,1
2023-01-02 18:00:00,10.0.0.3,192.168.1.1,malware_detected,7453,1,1
2023-01-02 19:00:00,10.0.0.1,192.168.1.2,malware_detected,3827,1,2
2023-01-02 20:00:00,10.0.0.1,192.168.1.1,malware_detected,6372,1,2
2023-01-02 21:00:00,10.0.0.3,192.168.1.1,malware_detected,6095,1,2
2023-01-02 22:00:00,10.0.0.2,192.168.1.2,file_access,9576,1,1
2023-01-02 23:00:00,10.0.0.1,192.168.1.2,malware_detected,614,1,0
2023-01-03 00:00:00,10.0.0.2,192.168.1.2,file_access,548,1,0
2023-01-03 01:00:00,10.0.0.2,192.168.1.2,file_access,6119,1,2
2023-01-03 02:00:00,10.0.0.2,192.168.1.1,file_access,5443,1,2
2023-01-03 03:00:00,10.0.0.1,192.168.1.2,file_access,8133,1,1
2023-01-03 04:00:00,10.0.0.2,192.168.1.1,login,2620,1,0
2023-01-03 05:00:00,10.0.0.1,192.168.1.1,login,3181,1,0
2023-01-03 06:00:00,10.0.0.2,192.168.1.2,malware_detected,1528,1,0
2023-01-03 07:00:00,10.0.0.3,192.168.1.1,login,4067,1,2
2023-01-03 08:00:00,10.0.0.3,192.168.1.1,login,6545,1,2
2023-01-03 09:00:00,10.0.0.1,192.168.1.1,malware_detected,9214,1,1
2023-01-03 10:00:00,10.0.0.3,192.168.1.1,malware_detected,2259,1,0
2023-01-03 11:00:00,10.0.0.3,192.168.1.2,malware_detected,5232,1,2
2023-01-03 12:00:00,10.0.0.2,192.168.1.2,login,2647,1,0
2023-01-03 13:00:00,10.0.0.1,192.168.1.2,login,3079,1,0
2023-01-03 14:00:00,10.0.0.2,192.168.1.2,malware_detected,2749,1,0
2023-01-03 15:00:00,10.0.0.2,192.168.1.1,file_access,8605,1,1
2023-01-03 16:00:00,10.0.0.2,192.168.1.1,malware_detected,3183,1,0
2023-01-03 17:00:00,10.0.0.2,192.168.1.2,file_access,1137,1,0
2023-01-03 18:00:00,10.0.0.2,192.168.1.2,file_access,3589,1,2
2023-01-03 19:00:00,10.0.0.2,192.168.1.2,malware_detected,7704,1,1
2023-01-03 20:00:00,10.0.0.2,192.168.1.1,malware_detected,7644,1,1
2023-01-03 21:00:00,10.0.0.1,192.168.1.2,malware_detected,2734,1,0
2023-01-03 22:00:00,10.0.0.3,192.168.1.2,login,4083,1,2
2023-01-03 23:00:00,10.0.0.2,192.168.1.2,file_access,1878,1,0
2023-01-04 00:00:00,10.0.0.2,192.168.1.1,login,8002,1,1
2023-01-04 01:00:00,10.0.0.2,192.168.1.1,login,5210,1,2
2023-01-04 02:00:00,10.0.0.2,192.168.1.1,malware_detected,5289,1,2
2023-01-04 03:00:00,10.0.0.2,192.168.1.1,login,7478,1,1
2023-01-04 04:00:00,10.0.0.2,192.168.1.1,malware_detected,1224,1,0
2023-01-04 05:00:00,10.0.0.3,192.168.1.1,file_access,797,1,0
2023-01-04 06:00:00,10.0.0.3,192.168.1.1,malware_detected,2279,1,0
2023-01-04 07:00:00,10.0.0.2,192.168.1.1,login,9696,-1,1
2023-01-04 08:00:00,10.0.0.3,192.168.1.2,login,5351,1,2
2023-01-04 09:00:00,10.0.0.1,192.168.1.2,malware_detected,9335,1,1
2023-01-04 10:00:00,10.0.0.2,192.168.1.1,malware_detected,2029,1,0
2023-01-04 11:00:00,10.0.0.1,192.168.1.1,login,1113,1,0
2023-01-04 12:00:00,10.0.0.1,192.168.1.2,file_access,326,1,0
2023-01-04 13:00:00,10.0.0.2,192.168.1.1,file_access,7421,1,1
2023-01-04 14:00:00,10.0.0.3,192.168.1.1,malware_detected,1928,1,0
2023-01-04 15:00:00,10.0.0.1,192.168.1.1,file_access,8009,1,1
2023-01-04 16:00:00,10.0.0.2,192.168.1.2,login,5688,1,2
2023-01-04 17:00:00,10.0.0.1,192.168.1.2,malware_detected,2123,1,0
2023-01-04 18:00:00,10.0.0.1,192.168.1.2,login,5066,1,2
2023-01-04 19:00:00,10.0.0.1,192.168.1.2,login,5991,1,2
2023-01-04 20:00:00,10.0.0.1,192.168.1.2,file_access,1180,1,0
2023-01-04 21:00:00,10.0.0.3,192.168.1.1,malware_detected,5136,1,2
2023-01-04 22:00:00,10.0.0.1,192.168.1.2,malware_detected,2663,1,0
2023-01-04 23:00:00,10.0.0.1,192.168.1.1,file_access,3392,1,0
2023-01-05 00:00:00,10.0.0.1,192.168.1.1,login,3686,1,2
2023-01-05 01:00:00,10.0.0.3,192.168.1.2,login,4531,1,2
2023-01-05 02:00:00,10.0.0.1,192.168.1.2,login,6941,1,1
2023-01-05 03:00:00,10.0.0.1,192.168.1.1,login,6743,1,2
2023-01-05 04:00:00,10.0.0.3,192.168.1.1,malware_detected,4059,1,2
2023-01-05 05:00:00,10.0.0.3,192.168.1.1,malware_detected,261,-1,0
2023-01-05 06:00:00,10.0.0.3,192.168.1.2,file_access,693,1,0
2023-01-05 07:00:00,10.0.0.1,192.168.1.2,file_access,3490,1,0
2023-01-05 08:00:00,10.0.0.3,192.168.1.2,malware_detected,6097,1,2
2023-01-05 09:00:00,10.0.0.3,192.168.1.2,malware_detected,6454,1,2
2023-01-05 10:00:00,10.0.0.1,192.168.1.2,login,763,1,0
2023-01-05 11:00:00,10.0.0.3,192.168.1.1,login,9424,1,1
2023-01-05 12:00:00,10.0.0.1,192.168.1.2,file_access,641,1,0
2023-01-05 13:00:00,10.0.0.2,192.168.1.1,malware_detected,5533,1,2
2023-01-05 14:00:00,10.0.0.3,192.168.1.1,file_access,5193,1,2
2023-01-05 15:00:00,10.0.0.2,192.168.1.1,malware_detected,967,1,0
2023-01-05 16:00:00,10.0.0.1,192.168.1.2,login,8723,1,1
2023-01-05 17:00:00,10.0.0.3,192.168.1.2,file_access,5569,1,2
2023-01-05 18:00:00,10.0.0.1,192.168.1.2,file_access,6356,1,2
2023-01-05 19:00:00,10.0.0.2,192.168.1.1,malware_detected,9498,1,1
2023-01-05 20:00:00,10.0.0.1,192.168.1.1,login,1269,1,0
2023-01-05 21:00:00,10.0.0.3,192.168.1.1,file_access,930,1,0
2023-01-05 22:00:00,10.0.0.3,192.168.1.1,login,1751,1,0
2023-01-05 23:00:00,10.0.0.2,192.168.1.1,file_access,1236,1,0
2023-01-06 00:00:00,10.0.0.1,192.168.1.1,login,2910,1,0
2023-01-06 01:00:00,10.0.0.3,192.168.1.2,malware_detected,8767,1,1
2023-01-06 02:00:00,10.0.0.2,192.168.1.2,file_access,9618,1,1
2023-01-06 03:00:00,10.0.0.3,192.168.1.2,file_access,1119,1,0
2023-01-06 04:00:00,10.0.0.3,192.168.1.2,login,5337,1,2
2023-01-06 05:00:00,10.0.0.1,192.168.1.1,login,1383,1,0
2023-01-06 06:00:00,10.0.0.3,192.168.1.1,file_access,759,1,0
2023-01-06 07:00:00,10.0.0.1,192.168.1.2,malware_detected,2110,1,0
2023-01-06 08:00:00,10.0.0.3,192.168.1.1,login,8690,1,1
2023-01-06 09:00:00,10.0.0.2,192.168.1.2,login,1833,1,0
2023-01-06 10:00:00,10.0.0.3,192.168.1.2,login,2225,1,0
2023-01-06 11:00:00,10.0.0.1,192.168.1.2,file_access,2271,1,0
2023-01-06 12:00:00,10.0.0.1,192.168.1.1,file_access,8366,1,1
2023-01-06 13:00:00,10.0.0.2,192.168.1.2,file_access,3571,1,2
2023-01-06 14:00:00,10.0.0.3,192.168.1.2,file_access,9128,1,1
2023-01-06 15:00:00,10.0.0.3,192.168.1.2,malware_detected,5724,1,2
2023-01-06 16:00:00,10.0.0.2,192.168.1.1,malware_detected,8791,1,1
2023-01-06 17:00:00,10.0.0.3,192.168.1.1,file_access,8429,1,1
2023-01-06 18:00:00,10.0.0.3,192.168.1.2,malware_detected,2197,1,0
2023-01-06 19:00:00,10.0.0.1,192.168.1.1,login,5168,1,2
2023-01-06 20:00:00,10.0.0.3,192.168.1.1,login,6497,1,2
2023-01-06 21:00:00,10.0.0.3,192.168.1.1,login,2857,1,0
2023-01-06 22:00:00,10.0.0.2,192.168.1.1,file_access,4020,1,2
2023-01-06 23:00:00,10.0.0.2,192.168.1.1,login,8286,1,1
2023-01-07 00:00:00,10.0.0.1,192.168.1.1,malware_detected,2000,1,0
2023-01-07 01:00:00,10.0.0.3,192.168.1.1,file_access,2710,1,0
2023-01-07 02:00:00,10.0.0.3,192.168.1.1,malware_detected,7000,1,1
2023-01-07 03:00:00,10.0.0.3,192.168.1.1,login,1549,1,0
2023-01-07 04:00:00,10.0.0.1,192.168.1.1,login,8838,1,1
2023-01-07 05:00:00,10.0.0.1,192.168.1.2,login,5117,1,2
2023-01-07 06:00:00,10.0.0.2,192.168.1.2,file_access,8099,1,1
2023-01-07 07:00:00,10.0.0.1,192.168.1.1,malware_detected,6152,1,2
2023-01-07 08:00:00,10.0.0.3,192.168.1.2,file_access,2196,1,0
2023-01-07 09:00:00,10.0.0.3,192.168.1.2,file_access,8995,1,1
2023-01-07 10:00:00,10.0.0.1,192.168.1.1,login,6504,1,2
2023-01-07 11:00:00,10.0.0.3,192.168.1.1,file_access,9917,-1,1
2023-01-07 12:00:00,10.0.0.3,192.168.1.1,file_access,3431,1,0
2023-01-07 13:00:00,10.0.0.1,192.168.1.2,login,7562,1,1
2023-01-07 14:00:00,10.0.0.1,192.168.1.2,file_access,5205,1,2
2023-01-07 15:00:00,10.0.0.3,192.168.1.1,login,3078,1,0
2023-01-07 16:00:00,10.0.0.3,192.168.1.1,login,2939,1,0
2023-01-07 17:00:00,10.0.0.3,192.168.1.1,login,3484,1,0
2023-01-07 18:00:00,10.0.0.2,192.168.1.2,login,785,1,0
2023-01-07 19:00:00,10.0.0.2,192.168.1.2,file_access,7631,1,1
2023-01-07 20:00:00,10.0.0.2,192.168.1.2,login,4383,1,2
2023-01-07 21:00:00,10.0.0.1,192.168.1.2,login,7836,1,1
2023-01-07 22:00:00,10.0.0.2,192.168.1.1,file_access,7810,1,1
2023-01-07 23:00:00,10.0.0.1,192.168.1.1,file_access,1719,1,0
2023-01-08 00:00:00,10.0.0.1,192.168.1.1,malware_detected,6968,1,1
2023-01-08 01:00:00,10.0.0.2,192.168.1.1,file_access,1531,1,0
2023-01-08 02:00:00,10.0.0.2,192.168.1.2,file_access,9167,1,1
2023-01-08 03:00:00,10.0.0.2,192.168.1.2,malware_detected,4813,1,2
2023-01-08 04:00:00,10.0.0.3,192.168.1.1,file_access,9657,1,1
2023-01-08 05:00:00,10.0.0.2,192.168.1.1,file_access,9535,1,1
2023-01-08 06:00:00,10.0.0.3,192.168.1.2,file_access,5098,1,2
2023-01-08 07:00:00,10.0.0.1,192.168.1.1,file_access,262,-1,0
2023-01-08 08:00:00,10.0.0.3,192.168.1.2,malware_detected,2074,1,0
2023-01-08 09:00:00,10.0.0.2,192.168.1.1,file_access,3391,1,0
2023-01-08 10:00:00,10.0.0.1,192.168.1.1,file_access,8561,1,1
2023-01-08 11:00:00,10.0.0.1,192.168.1.1,malware_detected,731,1,0
2023-01-08 12:00:00,10.0.0.1,192.168.1.1,login,1005,1,0
2023-01-08 13:00:00,10.0.0.3,192.168.1.1,malware_detected,2114,1,0
2023-01-08 14:00:00,10.0.0.2,192.168.1.1,login,9933,-1,1
2023-01-08 15:00:00,10.0.0.1,192.168.1.1,malware_detected,7996,1,1
2023-01-08 16:00:00,10.0.0.1,192.168.1.2,malware_detected,304,-1,0
2023-01-08 17:00:00,10.0.0.1,192.168.1.2,file_access,681,1,0
2023-01-08 18:00:00,10.0.0.3,192.168.1.2,login,5775,1,2
2023-01-08 19:00:00,10.0.0.3,192.168.1.2,file_access,9132,1,1
2023-01-08 20:00:00,10.0.0.2,192.168.1.2,login,5447,1,2
2023-01-08 21:00:00,10.0.0.3,192.168.1.1,malware_detected,2743,1,0
2023-01-08 22:00:00,10.0.0.1,192.168.1.1,malware_detected,8117,1,1
2023-01-08 23:00:00,10.0.0.2,192.168.1.2,login,2397,1,0
2023-01-09 00:00:00,10.0.0.1,192.168.1.1,file_access,974,1,0
2023-01-09 01:00:00,10.0.0.1,192.168.1.2,file_access,5660,1,2
2023-01-09 02:00:00,10.0.0.3,192.168.1.2,file_access,789,1,0
2023-01-09 03:00:00,10.0.0.2,192.168.1.1,file_access,4100,1,2
2023-01-09 04:00:00,10.0.0.3,192.168.1.1,malware_detected,9714,-1,1
2023-01-09 05:00:00,10.0.0.3,192.168.1.1,malware_detected,771,1,0
2023-01-09 06:00:00,10.0.0.2,192.168.1.2,malware_detected,8027,1,1
2023-01-09 07:00:00,10.0.0.1,192.168.1.1,malware_detected,1271,1,0
2023-01-09 08:00:00,10.0.0.1,192.168.1.2,malware_detected,5691,1,2
2023-01-09 09:00:00,10.0.0.2,192.168.1.2,file_access,9235,1,1
2023-01-09 10:00:00,10.0.0.1,192.168.1.2,file_access,6442,1,2
2023-01-09 11:00:00,10.0.0.2,192.168.1.1,file_access,1549,1,0
2023-01-09 12:00:00,10.0.0.2,192.168.1.1,file_access,2639,1,0
2023-01-09 13:00:00,10.0.0.3,192.168.1.2,malware_detected,4059,1,2
2023-01-09 14:00:00,10.0.0.2,192.168.1.1,malware_detected,6385,1,2
2023-01-09 15:00:00,10.0.0.3,192.168.1.1,malware_detected,5532,1,2
2023-01-09 16:00:00,10.0.0.1,192.168.1.1,login,4360,1,2
2023-01-09 17:00:00,10.0.0.1,192.168.1.2,file_access,2461,1,0
2023-01-09 18:00:00,10.0.0.1,192.168.1.2,file_access,6264,1,2
2023-01-09 19:00:00,10.0.0.1,192.168.1.1,malware_detected,3770,1,2
2023-01-09 20:00:00,10.0.0.3,192.168.1.2,file_access,1853,1,0
2023-01-09 21:00:00,10.0.0.1,192.168.1.1,file_access,8200,1,1
2023-01-09 22:00:00,10.0.0.2,192.168.1.1,malware_detected,2038,1,0
2023-01-09 23:00:00,10.0.0.2,192.168.1.1,login,8662,1,1
2023-01-10 00:00:00,10.0.0.2,192.168.1.1,login,6076,1,2
2023-01-10 01:00:00,10.0.0.3,192.168.1.2,login,6688,1,2
2023-01-10 02:00:00,10.0.0.1,192.168.1.2,malware_detected,8716,1,1
2023-01-10 03:00:00,10.0.0.1,192.168.1.2,file_access,6404,1,2
2023-01-10 04:00:00,10.0.0.1,192.168.1.1,malware_detected,7445,1,1
2023-01-10 05:00:00,10.0.0.3,192.168.1.1,malware_detected,7975,1,1
2023-01-10 06:00:00,10.0.0.2,192.168.1.1,file_access,9186,1,1
2023-01-10 07:00:00,10.0.0.2,192.168.1.2,login,6733,1,2
2023-01-10 08:00:00,10.0.0.1,192.168.1.1,login,697,1,0
2023-01-10 09:00:00,10.0.0.2,192.168.1.2,malware_detected,3162,1,0
2023-01-10 10:00:00,10.0.0.2,192.168.1.2,login,2436,1,0
2023-01-10 11:00:00,10.0.0.3,192.168.1.2,malware_detected,9979,-1,1
2023-01-10 12:00:00,10.0.0.3,192.168.1.2,malware_detected,672,1,0
2023-01-10 13:00:00,10.0.0.3,192.168.1.2,file_access,7621,1,1
2023-01-10 14:00:00,10.0.0.3,192.168.1.2,file_access,6271,1,2
2023-01-10 15:00:00,10.0.0.1,192.168.1.1,file_access,7197,1,1
2023-01-10 16:00:00,10.0.0.3,192.168.1.1,malware_detected,2190,1,0
2023-01-10 17:00:00,10.0.0.2,192.168.1.2,file_access,6666,1,2
2023-01-10 18:00:00,10.0.0.1,192.168.1.2,login,4724,1,2
2023-01-10 19:00:00,10.0.0.2,192.168.1.1,login,1733,1,0
2023-01-10 20:00:00,10.0.0.2,192.168.1.2,malware_detected,1617,1,0
2023-01-10 21:00:00,10.0.0.2,192.168.1.2,malware_detected,3748,1,2
2023-01-10 22:00:00,10.0.0.3,192.168.1.1,file_access,1637,1,0
2023-01-10 23:00:00,10.0.0.3,192.168.1.2,malware_detected,3237,1,0
2023-01-11 00:00:00,10.0.0.1,192.168.1.2,malware_detected,7085,1,1
2023-01-11 01:00:00,10.0.0.1,192.168.1.2,login,197,-1,0
2023-01-11 02:00:00,10.0.0.3,192.168.1.1,login,3850,1,2
2023-01-11 03:00:00,10.0.0.2,192.168.1.1,file_access,8635,1,1
2023-01-11 04:00:00,10.0.0.1,192.168.1.1,malware_detected,8274,1,1
2023-01-11 05:00:00,10.0.0.3,192.168.1.2,malware_detected,8203,1,1
2023-01-11 06:00:00,10.0.0.3,192.168.1.2,login,5513,1,2
2023-01-11 07:00:00,10.0.0.3,192.168.1.1,malware_detected,4766,1,2
2023-01-11 08:00:00,10.0.0.2,192.168.1.2,login,710,1,0
2023-01-11 09:00:00,10.0.0.3,192.168.1.2,file_access,1827,1,0
2023-01-11 10:00:00,10.0.0.3,192.168.1.2,login,1954,1,0
2023-01-11 11:00:00,10.0.0.3,192.168.1.2,malware_detected,5155,1,2
2023-01-11 12:00:00,10.0.0.3,192.168.1.2,file_access,2424,1,0
2023-01-11 13:00:00,10.0.0.1,192.168.1.1,login,9469,1,1
2023-01-11 14:00:00,10.0.0.1,192.168.1.2,login,9383,1,1
2023-01-11 15:00:00,10.0.0.3,192.168.1.1,file_access,5874,1,2
2023-01-11 16:00:00,10.0.0.2,192.168.1.2,file_access,6619,1,2
2023-01-11 17:00:00,10.0.0.1,192.168.1.1,login,1849,1,0
2023-01-11 18:00:00,10.0.0.3,192.168.1.2,malware_detected,881,1,0
2023-01-11 19:00:00,10.0.0.1,192.168.1.1,login,7648,1,1
2023-01-11 20:00:00,10.0.0.1,192.168.1.2,file_access,6923,1,1
2023-01-11 21:00:00,10.0.0.2,192.168.1.1,login,2205,1,0
2023-01-11 22:00:00,10.0.0.3,192.168.1.2,file_access,3967,1,2
2023-01-11 23:00:00,10.0.0.3,192.168.1.1,file_access,7293,1,1
2023-01-12 00:00:00,10.0.0.2,192.168.1.2,malware_detected,5076,1,2
2023-01-12 01:00:00,10.0.0.2,192.168.1.1,file_access,2213,1,0
2023-01-12 02:00:00,10.0.0.3,192.168.1.1,file_access,5979,1,2
2023-01-12 03:00:00,10.0.0.3,192.168.1.2,malware_detected,4070,1,2
2023-01-12 04:00:00,10.0.0.2,192.168.1.2,file_access,9359,1,1
2023-01-12 05:00:00,10.0.0.1,192.168.1.1,malware_detected,7364,1,1
2023-01-12 06:00:00,10.0.0.1,192.168.1.2,malware_detected,1677,1,0
2023-01-12 07:00:00,10.0.0.2,192.168.1.1,file_access,9303,1,1
2023-01-12 08:00:00,10.0.0.1,192.168.1.1,file_access,2374,1,0
2023-01-12 09:00:00,10.0.0.2,192.168.1.1,login,4969,1,2
2023-01-12 10:00:00,10.0.0.1,192.168.1.2,malware_detected,6844,1,1
2023-01-12 11:00:00,10.0.0.1,192.168.1.1,login,2526,1,0
2023-01-12 12:00:00,10.0.0.3,192.168.1.1,file_access,5646,1,2
2023-01-12 13:00:00,10.0.0.3,192.168.1.2,login,6952,1,1
2023-01-12 14:00:00,10.0.0.1,192.168.1.2,malware_detected,2651,1,0
2023-01-12 15:00:00,10.0.0.1,192.168.1.2,login,6511,1,2
2023-01-12 16:00:00,10.0.0.3,192.168.1.2,malware_detected,107,-1,0
2023-01-12 17:00:00,10.0.0.3,192.168.1.1,file_access,8187,1,1
2023-01-12 18:00:00,10.0.0.3,192.168.1.1,file_access,2655,1,0
2023-01-12 19:00:00,10.0.0.2,192.168.1.1,malware_detected,575,1,0
2023-01-12 20:00:00,10.0.0.1,192.168.1.1,file_access,5516,1,2
2023-01-12 21:00:00,10.0.0.3,192.168.1.2,file_access,8776,1,1
2023-01-12 22:00:00,10.0.0.1,192.168.1.1,file_access,7339,1,1
2023-01-12 23:00:00,10.0.0.2,192.168.1.1,file_access,6810,1,2
2023-01-13 00:00:00,10.0.0.2,192.168.1.2,malware_detected,5100,1,2
2023-01-13 01:00:00,10.0.0.3,192.168.1.1,login,4754,1,2
2023-01-13 02:00:00,10.0.0.2,192.168.1.1,login,8178,1,1
2023-01-13 03:00:00,10.0.0.1,192.168.1.1,file_access,6163,1,2
2023-01-13 04:00:00,10.0.0.3,192.168.1.1,login,2385,1,0
2023-01-13 05:00:00,10.0.0.1,192.168.1.1,login,5323,1,2
2023-01-13 06:00:00,10.0.0.1,192.168.1.1,file_access,7071,1,1
2023-01-13 07:00:00,10.0.0.2,192.168.1.2,file_access,3625,1,2
2023-01-13 08:00:00,10.0.0.2,192.168.1.2,login,2922,1,0
2023-01-13 09:00:00,10.0.0.2,192.168.1.1,malware_detected,5043,1,2
2023-01-13 10:00:00,10.0.0.2,192.168.1.1,file_access,6630,1,2
2023-01-13 11:00:00,10.0.0.2,192.168.1.2,malware_detected,358,1,0
2023-01-13 12:00:00,10.0.0.3,192.168.1.1,login,382,1,0
2023-01-13 13:00:00,10.0.0.1,192.168.1.1,file_access,1998,1,0
2023-01-13 14:00:00,10.0.0.1,192.168.1.1,malware_detected,4235,1,2
2023-01-13 15:00:00,10.0.0.1,192.168.1.2,file_access,6729,1,2
2023-01-13 16:00:00,10.0.0.1,192.168.1.1,login,3300,1,0
2023-01-13 17:00:00,10.0.0.2,192.168.1.2,malware_detected,5210,1,2
2023-01-13 18:00:00,10.0.0.1,192.168.1.1,login,7267,1,1
2023-01-13 19:00:00,10.0.0.3,192.168.1.2,login,712,1,0
2023-01-13 20:00:00,10.0.0.3,192.168.1.2,file_access,787,1,0
2023-01-13 21:00:00,10.0.0.1,192.168.1.1,malware_detected,3790,1,2
2023-01-13 22:00:00,10.0.0.1,192.168.1.2,login,8904,1,1
2023-01-13 23:00:00,10.0.0.3,192.168.1.1,login,2407,1,0
2023-01-14 00:00:00,10.0.0.3,192.168.1.2,malware_detected,7233,1,1
2023-01-14 01:00:00,10.0.0.2,192.168.1.1,login,6609,1,2
2023-01-14 02:00:00,10.0.0.3,192.168.1.1,login,6006,1,2
2023-01-14 03:00:00,10.0.0.2,192.168.1.2,malware_detected,2691,1,0
2023-01-14 04:00:00,10.0.0.2,192.168.1.1,malware_detected,7283,1,1
2023-01-14 05:00:00,10.0.0.2,192.168.1.1,malware_detected,5348,1,2
2023-01-14 06:00:00,10.0.0.2,192.168.1.2,malware_detected,8866,1,1
2023-01-14 07:00:00,10.0.0.2,192.168.1.1,file_access,5208,1,2
2023-01-14 08:00:00,10.0.0.1,192.168.1.1,malware_detected,3704,1,2
2023-01-14 09:00:00,10.0.0.3,192.168.1.2,file_access,769,1,0
2023-01-14 10:00:00,10.0.0.2,192.168.1.2,file_access,4464,1,2
2023-01-14 11:00:00,10.0.0.3,192.168.1.1,file_access,7429,1,1
2023-01-14 12:00:00,10.0.0.3,192.168.1.1,login,1383,1,0
2023-01-14 13:00:00,10.0.0.2,192.168.1.2,file_access,1023,1,0
2023-01-14 14:00:00,10.0.0.1,192.168.1.2,file_access,1225,1,0
2023-01-14 15:00:00,10.0.0.2,192.168.1.1,login,1629,1,0
2023-01-14 16:00:00,10.0.0.1,192.168.1.2,login,9886,-1,1
2023-01-14 17:00:00,10.0.0.3,192.168.1.1,login,8538,1,1
2023-01-14 18:00:00,10.0.0.1,192.168.1.1,malware_detected,3811,1,2
2023-01-14 19:00:00,10.0.0.1,192.168.1.1,login,8104,1,1
2023-01-14 20:00:00,10.0.0.1,192.168.1.1,login,9852,-1,1
2023-01-14 21:00:00,10.0.0.3,192.168.1.1,file_access,6374,1,2
2023-01-14 22:00:00,10.0.0.3,192.168.1.2,login,3964,1,2
2023-01-14 23:00:00,10.0.0.1,192.168.1.2,malware_detected,7933,1,1
2023-01-15 00:00:00,10.0.0.1,192.168.1.2,login,6888,1,1
2023-01-15 01:00:00,10.0.0.2,192.168.1.2,malware_detected,326,1,0
2023-01-15 02:00:00,10.0.0.1,192.168.1.1,login,364,1,0
2023-01-15 03:00:00,10.0.0.2,192.168.1.1,login,9687,-1,1
2023-01-15 04:00:00,10.0.0.1,192.168.1.1,login,745,1,0
2023-01-15 05:00:00,10.0.0.2,192.168.1.1,login,7644,1,1
2023-01-15 06:00:00,10.0.0.3,192.168.1.2,malware_detected,5669,1,2
2023-01-15 07:00:00,10.0.0.1,192.168.1.1,malware_detected,3090,1,0
2023-01-15 08:00:00,10.0.0.1,192.168.1.1,file_access,2604,1,0
2023-01-15 09:00:00,10.0.0.1,192.168.1.2,malware_detected,9446,1,1
2023-01-15 10:00:00,10.0.0.1,192.168.1.2,login,687,1,0
2023-01-15 11:00:00,10.0.0.2,192.168.1.2,file_access,9277,1,1
2023-01-15 12:00:00,10.0.0.1,192.168.1.2,file_access,4179,1,2
2023-01-15 13:00:00,10.0.0.3,192.168.1.1,file_access,3448,1,0
2023-01-15 14:00:00,10.0.0.3,192.168.1.1,login,6399,1,2
2023-01-15 15:00:00,10.0.0.1,192.168.1.2,malware_detected,3931,1,2
2023-01-15 16:00:00,10.0.0.3,192.168.1.1,login,9533,1,1
2023-01-15 17:00:00,10.0.0.1,192.168.1.1,file_access,8481,1,1
2023-01-15 18:00:00,10.0.0.1,192.168.1.1,login,9272,1,1
2023-01-15 19:00:00,10.0.0.3,192.168.1.2,login,9990,-1,1
2023-01-15 20:00:00,10.0.0.1,192.168.1.1,malware_detected,1815,1,0
2023-01-15 21:00:00,10.0.0.3,192.168.1.2,malware_detected,6550,1,2
2023-01-15 22:00:00,10.0.0.2,192.168.1.1,file_access,5533,1,2
2023-01-15 23:00:00,10.0.0.1,192.168.1.1,login,1198,1,0
2023-01-16 00:00:00,10.0.0.2,192.168.1.1,login,7196,1,1
2023-01-16 01:00:00,10.0.0.3,192.168.1.2,malware_detected,2426,1,0
2023-01-16 02:00:00,10.0.0.2,192.168.1.1,login,9187,1,1
2023-01-16 03:00:00,10.0.0.2,192.168.1.2,login,6516,1,2
2023-01-16 04:00:00,10.0.0.3,192.168.1.2,login,7080,1,1
2023-01-16 05:00:00,10.0.0.2,192.168.1.2,malware_detected,6863,1,1
2023-01-16 06:00:00,10.0.0.2,192.168.1.1,file_access,1774,1,0
2023-01-16 07:00:00,10.0.0.3,192.168.1.1,file_access,8050,1,1
2023-01-16 08:00:00,10.0.0.2,192.168.1.1,login,9222,1,1
2023-01-16 09:00:00,10.0.0.3,192.168.1.1,file_access,9015,1,1
2023-01-16 10:00:00,10.0.0.2,192.168.1.2,malware_detected,6149,1,2
2023-01-16 11:00:00,10.0.0.3,192.168.1.2,malware_detected,1189,1,0
2023-01-16 12:00:00,10.0.0.3,192.168.1.2,file_access,4678,1,2
2023-01-16 13:00:00,10.0.0.2,192.168.1.1,file_access,9227,1,1
2023-01-16 14:00:00,10.0.0.2,192.168.1.2,login,255,-1,0
2023-01-16 15:00:00,10.0.0.2,192.168.1.1,file_access,9362,1,1
2023-01-16 16:00:00,10.0.0.1,192.168.1.2,login,2058,1,0
2023-01-16 17:00:00,10.0.0.1,192.168.1.1,login,6444,1,2
2023-01-16 18:00:00,10.0.0.1,192.168.1.1,malware_detected,5879,1,2
2023-01-16 19:00:00,10.0.0.3,192.168.1.2,malware_detected,6244,1,2
2023-01-16 20:00:00,10.0.0.2,192.168.1.2,malware_detected,5163,1,2
2023-01-16 21:00:00,10.0.0.3,192.168.1.2,malware_detected,3930,1,2
2023-01-16 22:00:00,10.0.0.1,192.168.1.2,file_access,9146,1,1
2023-01-16 23:00:00,10.0.0.2,192.168.1.1,malware_detected,8931,1,1
2023-01-17 00:00:00,10.0.0.3,192.168.1.2,file_access,9894,-1,1
2023-01-17 01:00:00,10.0.0.2,192.168.1.2,malware_detected,6759,1,2
2023-01-17 02:00:00,10.0.0.3,192.168.1.2,file_access,541,1,0
2023-01-17 03:00:00,10.0.0.2,192.168.1.1,login,6140,1,2
2023-01-17 04:00:00,10.0.0.1,192.168.1.1,file_access,6025,1,2
2023-01-17 05:00:00,10.0.0.1,192.168.1.2,file_access,7458,1,1
2023-01-17 06:00:00,10.0.0.2,192.168.1.1,malware_detected,4728,1,2
2023-01-17 07:00:00,10.0.0.3,192.168.1.2,file_access,6470,1,2
2023-01-17 08:00:00,10.0.0.1,192.168.1.1,login,9628,1,1
2023-01-17 09:00:00,10.0.0.1,192.168.1.1,login,1048,1,0
2023-01-17 10:00:00,10.0.0.1,192.168.1.1,malware_detected,8279,1,1
2023-01-17 11:00:00,10.0.0.2,192.168.1.1,login,6215,1,2
2023-01-17 12:00:00,10.0.0.2,192.168.1.2,file_access,559,1,0
2023-01-17 13:00:00,10.0.0.3,192.168.1.2,login,7668,1,1
2023-01-17 14:00:00,10.0.0.3,192.168.1.2,malware_detected,4746,1,2
2023-01-17 15:00:00,10.0.0.3,192.168.1.1,file_access,492,1,0
2023-01-17 16:00:00,10.0.0.2,192.168.1.2,malware_detected,1887,1,0
2023-01-17 17:00:00,10.0.0.2,192.168.1.2,file_access,7474,1,1
2023-01-17 18:00:00,10.0.0.3,192.168.1.2,login,1238,1,0
2023-01-17 19:00:00,10.0.0.3,192.168.1.1,malware_detected,4841,1,2
2023-01-17 20:00:00,10.0.0.2,192.168.1.1,malware_detected,7518,1,1
2023-01-17 21:00:00,10.0.0.3,192.168.1.1,file_access,6462,1,2
2023-01-17 22:00:00,10.0.0.1,192.168.1.2,malware_detected,2554,1,0
2023-01-17 23:00:00,10.0.0.2,192.168.1.2,file_access,9758,-1,1
2023-01-18 00:00:00,10.0.0.3,192.168.1.2,file_access,3774,1,2
2023-01-18 01:00:00,10.0.0.2,192.168.1.1,file_access,1477,1,0
2023-01-18 02:00:00,10.0.0.1,192.168.1.1,file_access,6801,1,2
2023-01-18 03:00:00,10.0.0.2,192.168.1.2,login,2697,1,0
2023-01-18 04:00:00,10.0.0.2,192.168.1.1,file_access,241,-1,0
2023-01-18 05:00:00,10.0.0.2,192.168.1.1,malware_detected,2759,1,0
2023-01-18 06:00:00,10.0.0.2,192.168.1.1,login,4696,1,2
2023-01-18 07:00:00,10.0.0.1,192.168.1.1,malware_detected,9131,1,1
2023-01-18 08:00:00,10.0.0.2,192.168.1.2,login,5761,1,2
2023-01-18 09:00:00,10.0.0.2,192.168.1.1,file_access,6242,1,2
2023-01-18 10:00:00,10.0.0.3,192.168.1.1,login,5726,1,2
2023-01-18 11:00:00,10.0.0.2,192.168.1.1,login,8887,1,1
2023-01-18 12:00:00,10.0.0.3,192.168.1.1,malware_detected,8572,1,1
2023-01-18 13:00:00,10.0.0.1,192.168.1.2,malware_detected,523,1,0
2023-01-18 14:00:00,10.0.0.1,192.168.1.2,file_access,7099,1,1
2023-01-18 15:00:00,10.0.0.1,192.168.1.1,login,4349,1,2
2023-01-18 16:00:00,10.0.0.1,192.168.1.1,login,1850,1,0
2023-01-18 17:00:00,10.0.0.3,192.168.1.1,login,4857,1,2
2023-01-18 18:00:00,10.0.0.2,192.168.1.1,file_access,2067,1,0
2023-01-18 19:00:00,10.0.0.1,192.168.1.1,file_access,4188,1,2
2023-01-18 20:00:00,10.0.0.2,192.168.1.1,file_access,4278,1,2
2023-01-18 21:00:00,10.0.0.3,192.168.1.2,file_access,7889,1,1
2023-01-18 22:00:00,10.0.0.3,192.168.1.1,file_access,3046,1,0
2023-01-18 23:00:00,10.0.0.3,192.168.1.2,malware_detected,9741,-1,1
2023-01-19 00:00:00,10.0.0.1,192.168.1.2,login,5494,1,2
2023-01-19 01:00:00,10.0.0.2,192.168.1.1,login,7980,1,1
2023-01-19 02:00:00,10.0.0.2,192.168.1.2,login,5175,1,2
2023-01-19 03:00:00,10.0.0.2,192.168.1.2,login,7330,1,1
2023-01-19 04:00:00,10.0.0.3,192.168.1.2,login,1631,1,0
2023-01-19 05:00:00,10.0.0.1,192.168.1.2,login,3090,1,0
2023-01-19 06:00:00,10.0.0.3,192.168.1.2,login,7255,1,1
2023-01-19 07:00:00,10.0.0.3,192.168.1.2,login,4593,1,2
2023-01-19 08:00:00,10.0.0.2,192.168.1.1,malware_detected,9435,1,1
2023-01-19 09:00:00,10.0.0.3,192.168.1.2,login,1033,1,0
2023-01-19 10:00:00,10.0.0.2,192.168.1.2,malware_detected,1560,1,0
2023-01-19 11:00:00,10.0.0.1,192.168.1.2,file_access,2823,1,0
2023-01-19 12:00:00,10.0.0.2,192.168.1.1,login,385,1,0
2023-01-19 13:00:00,10.0.0.1,192.168.1.2,file_access,364,1,0
2023-01-19 14:00:00,10.0.0.2,192.168.1.1,file_access,6916,1,1
2023-01-19 15:00:00,10.0.0.3,192.168.1.2,file_access,1862,1,0
2023-01-19 16:00:00,10.0.0.3,192.168.1.1,malware_detected,140,-1,0
2023-01-19 17:00:00,10.0.0.1,192.168.1.1,file_access,5927,1,2
2023-01-19 18:00:00,10.0.0.1,192.168.1.2,file_access,8359,1,1
2023-01-19 19:00:00,10.0.0.1,192.168.1.2,file_access,1087,1,0
2023-01-19 20:00:00,10.0.0.2,192.168.1.1,login,7904,1,1
2023-01-19 21:00:00,10.0.0.2,192.168.1.2,login,7889,1,1
2023-01-19 22:00:00,10.0.0.1,192.168.1.1,malware_detected,5817,1,2
2023-01-19 23:00:00,10.0.0.3,192.168.1.1,malware_detected,3298,1,0
2023-01-20 00:00:00,10.0.0.2,192.168.1.1,login,5474,1,2
2023-01-20 01:00:00,10.0.0.2,192.168.1.1,malware_detected,4890,1,2
2023-01-20 02:00:00,10.0.0.2,192.168.1.1,login,7283,1,1
2023-01-20 03:00:00,10.0.0.1,192.168.1.2,file_access,2624,1,0
2023-01-20 04:00:00,10.0.0.1,192.168.1.1,file_access,9377,1,1
2023-01-20 05:00:00,10.0.0.1,192.168.1.1,malware_detected,2579,1,0
2023-01-20 06:00:00,10.0.0.1,192.168.1.2,login,9985,-1,1
2023-01-20 07:00:00,10.0.0.1,192.168.1.1,login,5254,1,2
2023-01-20 08:00:00,10.0.0.3,192.168.1.2,malware_detected,878,1,0
2023-01-20 09:00:00,10.0.0.3,192.168.1.2,login,9877,-1,1
2023-01-20 10:00:00,10.0.0.1,192.168.1.2,file_access,1592,1,0
2023-01-20 11:00:00,10.0.0.2,192.168.1.1,malware_detected,760,1,0
2023-01-20 12:00:00,10.0.0.1,192.168.1.1,malware_detected,1448,1,0
2023-01-20 13:00:00,10.0.0.3,192.168.1.1,login,9591,1,1
2023-01-20 14:00:00,10.0.0.3,192.168.1.2,malware_detected,7951,1,1
2023-01-20 15:00:00,10.0.0.2,192.168.1.1,login,7256,1,1
2023-01-20 16:00:00,10.0.0.3,192.168.1.2,login,2144,1,0
2023-01-20 17:00:00,10.0.0.1,192.168.1.1,login,7468,1,1
2023-01-20 18:00:00,10.0.0.2,192.168.1.2,login,3616,1,2
2023-01-20 19:00:00,10.0.0.1,192.168.1.1,login,9350,1,1
2023-01-20 20:00:00,10.0.0.1,192.168.1.1,malware_detected,9268,1,1
2023-01-20 21:00:00,10.0.0.2,192.168.1.1,file_access,4677,1,2
2023-01-20 22:00:00,10.0.0.1,192.168.1.2,file_access,827,1,0
2023-01-20 23:00:00,10.0.0.3,192.168.1.2,malware_detected,7568,1,1
2023-01-21 00:00:00,10.0.0.1,192.168.1.1,malware_detected,442,1,0
2023-01-21 01:00:00,10.0.0.2,192.168.1.1,file_access,1547,1,0
2023-01-21 02:00:00,10.0.0.2,192.168.1.2,file_access,6681,1,2
2023-01-21 03:00:00,10.0.0.2,192.168.1.2,file_access,6417,1,2
2023-01-21 04:00:00,10.0.0.1,192.168.1.2,file_access,626,1,0
2023-01-21 05:00:00,10.0.0.2,192.168.1.1,file_access,6848,1,1
2023-01-21 06:00:00,10.0.0.2,192.168.1.2,login,505,1,0
2023-01-21 07:00:00,10.0.0.1,192.168.1.1,malware_detected,8086,1,1
2023-01-21 08:00:00,10.0.0.3,192.168.1.2,login,9865,-1,1
2023-01-21 09:00:00,10.0.0.1,192.168.1.1,file_access,3840,1,2
2023-01-21 10:00:00,10.0.0.2,192.168.1.2,file_access,1946,1,0
2023-01-21 11:00:00,10.0.0.2,192.168.1.2,file_access,1578,1,0
2023-01-21 12:00:00,10.0.0.1,192.168.1.2,login,871,1,0
2023-01-21 13:00:00,10.0.0.3,192.168.1.2,login,5625,1,2
2023-01-21 14:00:00,10.0.0.2,192.168.1.2,file_access,8870,1,1
2023-01-21 15:00:00,10.0.0.2,192.168.1.1,login,293,-1,0
2023-01-21 16:00:00,10.0.0.2,192.168.1.2,login,2107,1,0
2023-01-21 17:00:00,10.0.0.1,192.168.1.2,file_access,1285,1,0
2023-01-21 18:00:00,10.0.0.2,192.168.1.2,login,2494,1,0
2023-01-21 19:00:00,10.0.0.3,192.168.1.1,malware_detected,9402,1,1
2023-01-21 20:00:00,10.0.0.2,192.168.1.2,malware_detected,4105,1,2
2023-01-21 21:00:00,10.0.0.2,192.168.1.1,malware_detected,7529,1,1
2023-01-21 22:00:00,10.0.0.3,192.168.1.2,malware_detected,2361,1,0
2023-01-21 23:00:00,10.0.0.2,192.168.1.2,file_access,3836,1,2
2023-01-22 00:00:00,10.0.0.1,192.168.1.1,file_access,6816,1,2
2023-01-22 01:00:00,10.0.0.1,192.168.1.2,file_access,4975,1,2
2023-01-22 02:00:00,10.0.0.1,192.168.1.1,malware_detected,9021,1,1
2023-01-22 03:00:00,10.0.0.3,192.168.1.1,malware_detected,4478,1,2
2023-01-22 04:00:00,10.0.0.2,192.168.1.2,login,7915,1,1
2023-01-22 05:00:00,10.0.0.1,192.168.1.1,login,3551,1,2
2023-01-22 06:00:00,10.0.0.3,192.168.1.2,malware_detected,7716,1,1
2023-01-22 07:00:00,10.0.0.2,192.168.1.2,malware_detected,9936,-1,1
2023-01-22 08:00:00,10.0.0.3,192.168.1.1,malware_detected,2900,1,0
2023-01-22 09:00:00,10.0.0.1,192.168.1.1,malware_detected,8433,1,1
2023-01-22 10:00:00,10.0.0.1,192.168.1.1,login,5510,1,2
2023-01-22 11:00:00,10.0.0.1,192.168.1.1,malware_detected,1555,1,0
2023-01-22 12:00:00,10.0.0.3,192.168.1.2,login,6992,1,1
2023-01-22 13:00:00,10.0.0.3,192.168.1.2,malware_detected,5908,1,2
2023-01-22 14:00:00,10.0.0.1,192.168.1.1,malware_detected,6896,1,1
2023-01-22 15:00:00,10.0.0.3,192.168.1.2,malware_detected,4896,1,2
2023-01-22 16:00:00,10.0.0.1,192.168.1.2,login,5193,1,2
2023-01-22 17:00:00,10.0.0.1,192.168.1.2,login,1425,1,0
2023-01-22 18:00:00,10.0.0.2,192.168.1.2,file_access,5076,1,2
2023-01-22 19:00:00,10.0.0.3,192.168.1.1,malware_detected,9505,1,1
2023-01-22 20:00:00,10.0.0.1,192.168.1.1,file_access,1259,1,0
2023-01-22 21:00:00,10.0.0.1,192.168.1.2,file_access,4750,1,2
2023-01-22 22:00:00,10.0.0.3,192.168.1.1,login,5087,1,2
2023-01-22 23:00:00,10.0.0.2,192.168.1.1,login,4797,1,2
2023-01-23 00:00:00,10.0.0.2,192.168.1.1,file_access,440,1,0
2023-01-23 01:00:00,10.0.0.1,192.168.1.2,malware_detected,3928,1,2
2023-01-23 02:00:00,10.0.0.3,192.168.1.2,login,2068,1,0
2023-01-23 03:00:00,10.0.0.2,192.168.1.2,malware_detected,803,1,0
2023-01-23 04:00:00,10.0.0.3,192.168.1.1,malware_detected,5582,1,2
2023-01-23 05:00:00,10.0.0.3,192.168.1.2,file_access,6476,1,2
2023-01-23 06:00:00,10.0.0.1,192.168.1.2,file_access,1900,1,0
2023-01-23 07:00:00,10.0.0.2,192.168.1.1,file_access,5563,1,2
2023-01-23 08:00:00,10.0.0.1,192.168.1.2,file_access,5012,1,2
2023-01-23 09:00:00,10.0.0.2,192.168.1.2,login,4748,1,2
2023-01-23 10:00:00,10.0.0.2,192.168.1.1,login,955,1,0
2023-01-23 11:00:00,10.0.0.2,192.168.1.1,file_access,2966,1,0
2023-01-23 12:00:00,10.0.0.2,192.168.1.1,login,282,-1,0
2023-01-23 13:00:00,10.0.0.2,192.168.1.2,file_access,3212,1,0
2023-01-23 14:00:00,10.0.0.3,192.168.1.2,malware_detected,5770,1,2
2023-01-23 15:00:00,10.0.0.1,192.168.1.2,malware_detected,4592,1,2
2023-01-23 16:00:00,10.0.0.3,192.168.1.1,malware_detected,5923,1,2
2023-01-23 17:00:00,10.0.0.2,192.168.1.1,file_access,1617,1,0
2023-01-23 18:00:00,10.0.0.1,192.168.1.2,malware_detected,5102,1,2
2023-01-23 19:00:00,10.0.0.2,192.168.1.2,login,1456,1,0
2023-01-23 20:00:00,10.0.0.1,192.168.1.1,malware_detected,3729,1,2
2023-01-23 21:00:00,10.0.0.3,192.168.1.1,malware_detected,3728,1,2
2023-01-23 22:00:00,10.0.0.1,192.168.1.1,malware_detected,8310,1,1
2023-01-23 23:00:00,10.0.0.1,192.168.1.1,login,6232,1,2
2023-01-24 00:00:00,10.0.0.1,192.168.1.2,file_access,9424,1,1
2023-01-24 01:00:00,10.0.0.1,192.168.1.1,login,6688,1,2
2023-01-24 02:00:00,10.0.0.1,192.168.1.2,file_access,3411,1,0
2023-01-24 03:00:00,10.0.0.2,192.168.1.2,file_access,6148,1,2
2023-01-24 04:00:00,10.0.0.1,192.168.1.2,malware_detected,6346,1,2
2023-01-24 05:00:00,10.0.0.1,192.168.1.1,file_access,1087,1,0
2023-01-24 06:00:00,10.0.0.3,192.168.1.1,login,3421,1,0
2023-01-24 07:00:00,10.0.0.1,192.168.1.1,login,4715,1,2
2023-01-24 08:00:00,10.0.0.3,192.168.1.1,file_access,8465,1,1
2023-01-24 09:00:00,10.0.0.2,192.168.1.2,malware_detected,3841,1,2
2023-01-24 10:00:00,10.0.0.1,192.168.1.1,malware_detected,3152,1,0
2023-01-24 11:00:00,10.0.0.3,192.168.1.1,login,6674,1,2
2023-01-24 12:00:00,10.0.0.3,192.168.1.2,malware_detected,826,1,0
2023-01-24 13:00:00,10.0.0.2,192.168.1.1,file_access,3860,1,2
2023-01-24 14:00:00,10.0.0.1,192.168.1.2,file_access,5906,1,2
2023-01-24 15:00:00,10.0.0.1,192.168.1.2,login,1975,1,0
2023-01-24 16:00:00,10.0.0.3,192.168.1.2,file_access,7093,1,1
2023-01-24 17:00:00,10.0.0.1,192.168.1.2,login,4133,1,2
2023-01-24 18:00:00,10.0.0.3,192.168.1.2,file_access,5543,1,2
2023-01-24 19:00:00,10.0.0.1,192.168.1.2,login,1089,1,0
2023-01-24 20:00:00,10.0.0.3,192.168.1.2,malware_detected,3844,1,2
2023-01-24 21:00:00,10.0.0.1,192.168.1.2,file_access,8711,1,1
2023-01-24 22:00:00,10.0.0.2,192.168.1.1,file_access,693,1,0
2023-01-24 23:00:00,10.0.0.1,192.168.1.1,login,1874,1,0
2023-01-25 00:00:00,10.0.0.1,192.168.1.1,login,1035,1,0
2023-01-25 01:00:00,10.0.0.2,192.168.1.1,file_access,3908,1,2
2023-01-25 02:00:00,10.0.0.1,192.168.1.2,login,431,1,0
2023-01-25 03:00:00,10.0.0.2,192.168.1.1,file_access,8022,1,1
2023-01-25 04:00:00,10.0.0.1,192.168.1.2,malware_detected,2802,1,0
2023-01-25 05:00:00,10.0.0.3,192.168.1.1,login,5989,1,2
2023-01-25 06:00:00,10.0.0.3,192.168.1.1,file_access,5154,1,2
2023-01-25 07:00:00,10.0.0.1,192.168.1.1,malware_detected,3968,1,2
2023-01-25 08:00:00,10.0.0.1,192.168.1.2,malware_detected,4300,1,2
2023-01-25 09:00:00,10.0.0.1,192.168.1.1,file_access,301,-1,0
2023-01-25 10:00:00,10.0.0.3,192.168.1.2,login,2597,1,0
2023-01-25 11:00:00,10.0.0.1,192.168.1.2,file_access,1942,1,0
2023-01-25 12:00:00,10.0.0.3,192.168.1.1,malware_detected,9201,1,1
2023-01-25 13:00:00,10.0.0.2,192.168.1.1,file_access,4758,1,2
2023-01-25 14:00:00,10.0.0.3,192.168.1.1,login,7644,1,1
2023-01-25 15:00:00,10.0.0.3,192.168.1.2,malware_detected,7818,1,1
2023-01-25 16:00:00,10.0.0.2,192.168.1.1,file_access,870,1,0
2023-01-25 17:00:00,10.0.0.3,192.168.1.2,login,3255,1,0
2023-01-25 18:00:00,10.0.0.1,192.168.1.2,malware_detected,1728,1,0
2023-01-25 19:00:00,10.0.0.1,192.168.1.1,login,486,1,0
2023-01-25 20:00:00,10.0.0.3,192.168.1.1,malware_detected,6131,1,2
2023-01-25 21:00:00,10.0.0.1,192.168.1.2,file_access,6539,1,2
2023-01-25 22:00:00,10.0.0.3,192.168.1.2,login,6501,1,2
2023-01-25 23:00:00,10.0.0.1,192.168.1.2,malware_detected,4108,1,2
2023-01-26 00:00:00,10.0.0.1,192.168.1.1,login,2566,1,0
2023-01-26 01:00:00,10.0.0.3,192.168.1.2,login,2382,1,0
2023-01-26 02:00:00,10.0.0.1,192.168.1.1,file_access,1956,1,0
2023-01-26 03:00:00,10.0.0.3,192.168.1.2,login,8080,1,1
2023-01-26 04:00:00,10.0.0.1,192.168.1.2,malware_detected,2098,1,0
2023-01-26 05:00:00,10.0.0.1,192.168.1.1,malware_detected,5576,1,2
2023-01-26 06:00:00,10.0.0.2,192.168.1.2,malware_detected,9528,1,1
2023-01-26 07:00:00,10.0.0.2,192.168.1.1,malware_detected,4769,1,2
2023-01-26 08:00:00,10.0.0.3,192.168.1.1,file_access,9442,1,1
2023-01-26 09:00:00,10.0.0.2,192.168.1.2,login,4418,1,2
2023-01-26 10:00:00,10.0.0.3,192.168.1.1,file_access,7164,1,1
2023-01-26 11:00:00,10.0.0.2,192.168.1.1,login,7546,1,1
2023-01-26 12:00:00,10.0.0.1,192.168.1.2,login,1531,1,0
2023-01-26 13:00:00,10.0.0.3,192.168.1.1,login,5724,1,2
2023-01-26 14:00:00,10.0.0.3,192.168.1.1,file_access,7561,1,1
2023-01-26 15:00:00,10.0.0.1,192.168.1.1,login,1919,1,0
2023-01-26 16:00:00,10.0.0.3,192.168.1.2,file_access,1230,1,0
2023-01-26 17:00:00,10.0.0.3,192.168.1.1,malware_detected,6663,1,2
2023-01-26 18:00:00,10.0.0.2,192.168.1.2,malware_detected,2758,1,0
2023-01-26 19:00:00,10.0.0.3,192.168.1.2,login,3600,1,2
2023-01-26 20:00:00,10.0.0.1,192.168.1.1,file_access,8666,1,1
2023-01-26 21:00:00,10.0.0.2,192.168.1.1,malware_detected,2220,1,0
2023-01-26 22:00:00,10.0.0.2,192.168.1.1,file_access,4120,1,2
2023-01-26 23:00:00,10.0.0.1,192.168.1.2,file_access,3359,1,0
2023-01-27 00:00:00,10.0.0.1,192.168.1.1,login,1923,1,0
2023-01-27 01:00:00,10.0.0.2,192.168.1.1,malware_detected,1574,1,0
2023-01-27 02:00:00,10.0.0.3,192.168.1.1,login,2342,1,0
2023-01-27 03:00:00,10.0.0.2,192.168.1.1,login,3343,1,0
2023-01-27 04:00:00,10.0.0.1,192.168.1.1,malware_detected,7090,1,1
2023-01-27 05:00:00,10.0.0.2,192.168.1.2,malware_detected,5260,1,2
2023-01-27 06:00:00,10.0.0.1,192.168.1.2,file_access,3234,1,0
2023-01-27 07:00:00,10.0.0.2,192.168.1.1,malware_detected,2170,1,0
2023-01-27 08:00:00,10.0.0.3,192.168.1.1,file_access,459,1,0
2023-01-27 09:00:00,10.0.0.2,192.168.1.1,file_access,1241,1,0
2023-01-27 10:00:00,10.0.0.2,192.168.1.1,file_access,1735,1,0
2023-01-27 11:00:00,10.0.0.1,192.168.1.2,malware_detected,4100,1,2
2023-01-27 12:00:00,10.0.0.1,192.168.1.1,login,3461,1,0
2023-01-27 13:00:00,10.0.0.1,192.168.1.2,file_access,6683,1,2
2023-01-27 14:00:00,10.0.0.2,192.168.1.2,login,7935,1,1
2023-01-27 15:00:00,10.0.0.3,192.168.1.1,login,106,-1,0
2023-01-27 16:00:00,10.0.0.1,192.168.1.2,malware_detected,3367,1,0
2023-01-27 17:00:00,10.0.0.1,192.168.1.2,login,6664,1,2
2023-01-27 18:00:00,10.0.0.2,192.168.1.2,login,9883,-1,1
2023-01-27 19:00:00,10.0.0.1,192.168.1.2,malware_detected,5028,1,2
2023-01-27 20:00:00,10.0.0.3,192.168.1.1,file_access,2706,1,0
2023-01-27 21:00:00,10.0.0.3,192.168.1.1,login,6006,1,2
2023-01-27 22:00:00,10.0.0.1,192.168.1.2,malware_detected,3373,1,0
2023-01-27 23:00:00,10.0.0.1,192.168.1.1,login,7711,1,1
2023-01-28 00:00:00,10.0.0.2,192.168.1.1,login,1013,1,0
2023-01-28 01:00:00,10.0.0.3,192.168.1.1,file_access,2111,1,0
2023-01-28 02:00:00,10.0.0.3,192.168.1.1,login,1542,1,0
2023-01-28 03:00:00,10.0.0.1,192.168.1.1,malware_detected,5646,1,2
2023-01-28 04:00:00,10.0.0.2,192.168.1.2,login,1929,1,0
2023-01-28 05:00:00,10.0.0.3,192.168.1.1,file_access,8867,1,1
2023-01-28 06:00:00,10.0.0.3,192.168.1.1,file_access,6568,1,2
2023-01-28 07:00:00,10.0.0.2,192.168.1.1,malware_detected,1029,1,0
2023-01-28 08:00:00,10.0.0.2,192.168.1.1,file_access,3799,1,2
2023-01-28 09:00:00,10.0.0.3,192.168.1.2,login,9755,-1,1
2023-01-28 10:00:00,10.0.0.3,192.168.1.2,file_access,1154,1,0
2023-01-28 11:00:00,10.0.0.2,192.168.1.2,malware_detected,5844,1,2
2023-01-28 12:00:00,10.0.0.3,192.168.1.2,file_access,2000,1,0
2023-01-28 13:00:00,10.0.0.1,192.168.1.1,file_access,9749,-1,1
2023-01-28 14:00:00,10.0.0.1,192.168.1.2,file_access,7080,1,1
2023-01-28 15:00:00,10.0.0.2,192.168.1.1,malware_detected,7169,1,1
2023-01-28 16:00:00,10.0.0.2,192.168.1.1,file_access,9691,-1,1
2023-01-28 17:00:00,10.0.0.2,192.168.1.1,file_access,3515,1,0
2023-01-28 18:00:00,10.0.0.1,192.168.1.1,login,542,1,0
2023-01-28 19:00:00,10.0.0.3,192.168.1.1,malware_detected,6318,1,2
2023-01-28 20:00:00,10.0.0.1,192.168.1.2,file_access,4752,1,2
2023-01-28 21:00:00,10.0.0.3,192.168.1.2,malware_detected,8039,1,1
2023-01-28 22:00:00,10.0.0.1,192.168.1.2,file_access,7933,1,1
2023-01-28 23:00:00,10.0.0.3,192.168.1.2,file_access,9470,1,1
2023-01-29 00:00:00,10.0.0.1,192.168.1.1,file_access,7697,1,1
2023-01-29 01:00:00,10.0.0.2,192.168.1.2,login,4558,1,2
2023-01-29 02:00:00,10.0.0.1,192.168.1.1,login,6691,1,2
2023-01-29 03:00:00,10.0.0.3,192.168.1.2,login,9549,1,1
2023-01-29 04:00:00,10.0.0.1,192.168.1.1,malware_detected,2409,1,0
2023-01-29 05:00:00,10.0.0.1,192.168.1.1,malware_detected,6368,1,2
2023-01-29 06:00:00,10.0.0.1,192.168.1.2,login,1010,1,0
2023-01-29 07:00:00,10.0.0.2,192.168.1.1,malware_detected,4440,1,2
2023-01-29 08:00:00,10.0.0.1,192.168.1.1,file_access,4109,1,2
2023-01-29 09:00:00,10.0.0.2,192.168.1.2,file_access,6728,1,2
2023-01-29 10:00:00,10.0.0.2,192.168.1.1,file_access,2269,1,0
2023-01-29 11:00:00,10.0.0.1,192.168.1.2,login,2272,1,0
2023-01-29 12:00:00,10.0.0.1,192.168.1.2,malware_detected,5768,1,2
2023-01-29 13:00:00,10.0.0.1,192.168.1.2,login,6413,1,2
2023-01-29 14:00:00,10.0.0.3,192.168.1.1,malware_detected,8415,1,1
2023-01-29 15:00:00,10.0.0.1,192.168.1.1,file_access,8136,1,1
2023-01-29 16:00:00,10.0.0.2,192.168.1.1,login,6889,1,1
2023-01-29 17:00:00,10.0.0.1,192.168.1.2,malware_detected,885,1,0
2023-01-29 18:00:00,10.0.0.3,192.168.1.1,malware_detected,6239,1,2
2023-01-29 19:00:00,10.0.0.1,192.168.1.2,file_access,6444,1,2
2023-01-29 20:00:00,10.0.0.3,192.168.1.2,login,2516,1,0
2023-01-29 21:00:00,10.0.0.3,192.168.1.1,login,9088,1,1
2023-01-29 22:00:00,10.0.0.1,192.168.1.2,login,4254,1,2
2023-01-29 23:00:00,10.0.0.2,192.168.1.1,file_access,5719,1,2
2023-01-30 00:00:00,10.0.0.3,192.168.1.1,login,2036,1,0
2023-01-30 01:00:00,10.0.0.1,192.168.1.1,file_access,3907,1,2
2023-01-30 02:00:00,10.0.0.1,192.168.1.1,file_access,7251,1,1
2023-01-30 03:00:00,10.0.0.2,192.168.1.1,file_access,9593,1,1
2023-01-30 04:00:00,10.0.0.3,192.168.1.2,malware_detected,3336,1,0
2023-01-30 05:00:00,10.0.0.3,192.168.1.2,login,2452,1,0
2023-01-30 06:00:00,10.0.0.1,192.168.1.2,login,2032,1,0
2023-01-30 07:00:00,10.0.0.1,192.168.1.1,file_access,8656,1,1
2023-01-30 08:00:00,10.0.0.2,192.168.1.1,file_access,5016,1,2
2023-01-30 09:00:00,10.0.0.2,192.168.1.1,login,5598,1,2
2023-01-30 10:00:00,10.0.0.3,192.168.1.2,file_access,1046,1,0
2023-01-30 11:00:00,10.0.0.3,192.168.1.1,login,9669,1,1
2023-01-30 12:00:00,10.0.0.1,192.168.1.2,malware_detected,1539,1,0
2023-01-30 13:00:00,10.0.0.3,192.168.1.2,file_access,7830,1,1
2023-01-30 14:00:00,10.0.0.2,192.168.1.1,login,4957,1,2
2023-01-30 15:00:00,10.0.0.2,192.168.1.1,file_access,440,1,0
2023-01-30 16:00:00,10.0.0.1,192.168.1.2,login,482,1,0
2023-01-30 17:00:00,10.0.0.2,192.168.1.1,login,9848,-1,1
2023-01-30 18:00:00,10.0.0.2,192.168.1.2,file_access,8591,1,1
2023-01-30 19:00:00,10.0.0.2,192.168.1.1,malware_detected,238,-1,0
2023-01-30 20:00:00,10.0.0.2,192.168.1.1,login,458,1,0
2023-01-30 21:00:00,10.0.0.1,192.168.1.2,login,5031,1,2
2023-01-30 22:00:00,10.0.0.1,192.168.1.1,login,9814,-1,1
2023-01-30 23:00:00,10.0.0.3,192.168.1.2,malware_detected,3556,1,2
2023-01-31 00:00:00,10.0.0.2,192.168.1.1,malware_detected,1727,1,0
2023-01-31 01:00:00,10.0.0.3,192.168.1.2,file_access,9595,1,1
2023-01-31 02:00:00,10.0.0.1,192.168.1.2,malware_detected,6726,1,2
2023-01-31 03:00:00,10.0.0.1,192.168.1.1,file_access,5104,1,2
2023-01-31 04:00:00,10.0.0.1,192.168.1.2,file_access,9426,1,1
2023-01-31 05:00:00,10.0.0.1,192.168.1.1,malware_detected,6752,1,2
2023-01-31 06:00:00,10.0.0.1,192.168.1.1,file_access,6516,1,2
2023-01-31 07:00:00,10.0.0.1,192.168.1.1,malware_detected,3270,1,0
2023-01-31 08:00:00,10.0.0.1,192.168.1.2,file_access,3935,1,2
2023-01-31 09:00:00,10.0.0.2,192.168.1.2,malware_detected,8117,1,1
2023-01-31 10:00:00,10.0.0.3,192.168.1.1,malware_detected,2251,1,0
2023-01-31 11:00:00,10.0.0.1,192.168.1.1,file_access,9529,1,1
2023-01-31 12:00:00,10.0.0.2,192.168.1.2,login,7005,1,1
2023-01-31 13:00:00,10.0.0.2,192.168.1.1,file_access,2934,1,0
2023-01-31 14:00:00,10.0.0.3,192.168.1.1,malware_detected,9290,1,1
2023-01-31 15:00:00,10.0.0.1,192.168.1.2,login,2667,1,0
2023-01-31 16:00:00,10.0.0.3,192.168.1.1,file_access,1407,1,0
2023-01-31 17:00:00,10.0.0.1,192.168.1.2,file_access,8948,1,1
2023-01-31 18:00:00,10.0.0.2,192.168.1.1,file_access,2760,1,0
2023-01-31 19:00:00,10.0.0.2,192.168.1.2,login,3830,1,2
2023-01-31 20:00:00,10.0.0.2,192.168.1.1,malware_detected,6307,1,2
2023-01-31 21:00:00,10.0.0.2,192.168.1.1,file_access,3262,1,0
2023-01-31 22:00:00,10.0.0.3,192.168.1.2,file_access,1240,1,0
2023-01-31 23:00:00,10.0.0.1,192.168.1.1,file_access,8558,1,1
2023-02-01 00:00:00,10.0.0.1,192.168.1.2,file_access,1808,1,0
2023-02-01 01:00:00,10.0.0.3,192.168.1.1,file_access,3730,1,2
2023-02-01 02:00:00,10.0.0.1,192.168.1.2,malware_detected,3311,1,0
2023-02-01 03:00:00,10.0.0.2,192.168.1.2,malware_detected,6638,1,2
2023-02-01 04:00:00,10.0.0.1,192.168.1.2,file_access,9802,-1,1
2023-02-01 05:00:00,10.0.0.2,192.168.1.2,login,575,1,0
2023-02-01 06:00:00,10.0.0.3,192.168.1.1,malware_detected,7784,1,1
2023-02-01 07:00:00,10.0.0.1,192.168.1.1,login,9268,1,1
2023-02-01 08:00:00,10.0.0.3,192.168.1.2,malware_detected,1307,1,0
2023-02-01 09:00:00,10.0.0.1,192.168.1.2,file_access,2060,1,0
2023-02-01 10:00:00,10.0.0.2,192.168.1.2,malware_detected,657,1,0
2023-02-01 11:00:00,10.0.0.3,192.168.1.1,file_access,982,1,0
2023-02-01 12:00:00,10.0.0.1,192.168.1.1,malware_detected,4861,1,2
2023-02-01 13:00:00,10.0.0.2,192.168.1.1,file_access,5967,1,2
2023-02-01 14:00:00,10.0.0.3,192.168.1.1,file_access,7063,1,1
2023-02-01 15:00:00,10.0.0.3,192.168.1.2,file_access,7266,1,1
2023-02-01 16:00:00,10.0.0.1,192.168.1.2,file_access,8029,1,1
2023-02-01 17:00:00,10.0.0.1,192.168.1.2,login,5447,1,2
2023-02-01 18:00:00,10.0.0.1,192.168.1.1,file_access,7369,1,1
2023-02-01 19:00:00,10.0.0.2,192.168.1.1,login,9902,-1,1
2023-02-01 20:00:00,10.0.0.1,192.168.1.1,login,8225,1,1
2023-02-01 21:00:00,10.0.0.3,192.168.1.2,file_access,2554,1,0
2023-02-01 22:00:00,10.0.0.3,192.168.1.2,login,4594,1,2
2023-02-01 23:00:00,10.0.0.1,192.168.1.1,malware_detected,2046,1,0
2023-02-02 00:00:00,10.0.0.1,192.168.1.2,file_access,2908,1,0
2023-02-02 01:00:00,10.0.0.3,192.168.1.1,login,6742,1,2
2023-02-02 02:00:00,10.0.0.2,192.168.1.1,file_access,3925,1,2
2023-02-02 03:00:00,10.0.0.1,192.168.1.2,file_access,3636,1,2
2023-02-02 04:00:00,10.0.0.1,192.168.1.1,file_access,6168,1,2
2023-02-02 05:00:00,10.0.0.3,192.168.1.2,login,3902,1,2
2023-02-02 06:00:00,10.0.0.1,192.168.1.1,malware_detected,4799,1,2
2023-02-02 07:00:00,10.0.0.2,192.168.1.2,malware_detected,2070,1,0
2023-02-02 08:00:00,10.0.0.3,192.168.1.2,login,5906,1,2
2023-02-02 09:00:00,10.0.0.1,192.168.1.2,file_access,6242,1,2
2023-02-02 10:00:00,10.0.0.3,192.168.1.1,login,2919,1,0
2023-02-02 11:00:00,10.0.0.1,192.168.1.1,login,9194,1,1
2023-02-02 12:00:00,10.0.0.1,192.168.1.2,login,464,1,0
2023-02-02 13:00:00,10.0.0.1,192.168.1.2,file_access,4358,1,2
2023-02-02 14:00:00,10.0.0.2,192.168.1.1,login,3219,1,0
2023-02-02 15:00:00,10.0.0.2,192.168.1.1,file_access,1963,1,0
2023-02-02 16:00:00,10.0.0.3,192.168.1.1,login,215,-1,0
2023-02-02 17:00:00,10.0.0.1,192.168.1.2,malware_detected,7184,1,1
2023-02-02 18:00:00,10.0.0.1,192.168.1.1,login,8116,1,1
2023-02-02 19:00:00,10.0.0.2,192.168.1.1,login,2484,1,0
2023-02-02 20:00:00,10.0.0.1,192.168.1.2,malware_detected,4035,1,2
2023-02-02 21:00:00,10.0.0.2,192.168.1.1,file_access,7842,1,1
2023-02-02 22:00:00,10.0.0.1,192.168.1.1,file_access,5542,1,2
2023-02-02 23:00:00,10.0.0.3,192.168.1.1,login,2590,1,0
2023-02-03 00:00:00,10.0.0.1,192.168.1.2,malware_detected,7080,1,1
2023-02-03 01:00:00,10.0.0.1,192.168.1.2,file_access,9234,1,1
2023-02-03 02:00:00,10.0.0.2,192.168.1.2,login,7761,1,1
2023-02-03 03:00:00,10.0.0.1,192.168.1.2,malware_detected,1824,1,0
2023-02-03 04:00:00,10.0.0.1,192.168.1.2,file_access,8282,1,1
2023-02-03 05:00:00,10.0.0.2,192.168.1.2,file_access,2867,1,0
2023-02-03 06:00:00,10.0.0.3,192.168.1.2,malware_detected,1237,1,0
2023-02-03 07:00:00,10.0.0.3,192.168.1.1,malware_detected,4217,1,2
2023-02-03 08:00:00,10.0.0.2,192.168.1.1,malware_detected,3520,1,2
2023-02-03 09:00:00,10.0.0.2,192.168.1.2,malware_detected,5945,1,2
2023-02-03 10:00:00,10.0.0.2,192.168.1.1,login,4878,1,2
2023-02-03 11:00:00,10.0.0.2,192.168.1.1,malware_detected,4006,1,2
2023-02-03 12:00:00,10.0.0.2,192.168.1.2,file_access,3737,1,2
2023-02-03 13:00:00,10.0.0.3,192.168.1.1,file_access,3053,1,0
2023-02-03 14:00:00,10.0.0.3,192.168.1.1,login,6029,1,2
2023-02-03 15:00:00,10.0.0.2,192.168.1.1,file_access,376,-1,0
2023-02-03 16:00:00,10.0.0.1,192.168.1.1,file_access,2099,1,0
2023-02-03 17:00:00,10.0.0.2,192.168.1.1,malware_detected,1327,1,0
2023-02-03 18:00:00,10.0.0.1,192.168.1.2,file_access,6437,1,2
2023-02-03 19:00:00,10.0.0.2,192.168.1.2,login,3835,1,2
2023-02-03 20:00:00,10.0.0.2,192.168.1.2,malware_detected,795,1,0
2023-02-03 21:00:00,10.0.0.3,192.168.1.1,malware_detected,9601,1,1
2023-02-03 22:00:00,10.0.0.1,192.168.1.2,login,4252,1,2
2023-02-03 23:00:00,10.0.0.1,192.168.1.1,malware_detected,8001,1,1
2023-02-04 00:00:00,10.0.0.3,192.168.1.1,malware_detected,7570,1,1
2023-02-04 01:00:00,10.0.0.3,192.168.1.1,login,7637,1,1
2023-02-04 02:00:00,10.0.0.3,192.168.1.1,malware_detected,2941,1,0
2023-02-04 03:00:00,10.0.0.3,192.168.1.2,login,4308,1,2
2023-02-04 04:00:00,10.0.0.1,192.168.1.2,login,8833,1,1
2023-02-04 05:00:00,10.0.0.1,192.168.1.1,file_access,1188,1,0
2023-02-04 06:00:00,10.0.0.2,192.168.1.2,file_access,3463,1,0
2023-02-04 07:00:00,10.0.0.2,192.168.1.1,malware_detected,124,-1,0
2023-02-04 08:00:00,10.0.0.3,192.168.1.2,malware_detected,9864,-1,1
2023-02-04 09:00:00,10.0.0.3,192.168.1.2,login,6244,1,2
2023-02-04 10:00:00,10.0.0.3,192.168.1.1,malware_detected,5768,1,2
2023-02-04 11:00:00,10.0.0.2,192.168.1.2,login,4336,1,2
2023-02-04 12:00:00,10.0.0.2,192.168.1.1,login,8168,1,1
2023-02-04 13:00:00,10.0.0.2,192.168.1.2,malware_detected,2335,1,0
2023-02-04 14:00:00,10.0.0.2,192.168.1.1,login,7395,1,1
2023-02-04 15:00:00,10.0.0.2,192.168.1.1,file_access,8492,1,1
2023-02-04 16:00:00,10.0.0.2,192.168.1.2,malware_detected,8548,1,1
2023-02-04 17:00:00,10.0.0.2,192.168.1.2,file_access,3847,1,2
2023-02-04 18:00:00,10.0.0.3,192.168.1.1,malware_detected,3275,1,0
2023-02-04 19:00:00,10.0.0.3,192.168.1.2,login,4997,1,2
2023-02-04 20:00:00,10.0.0.3,192.168.1.2,malware_detected,5137,1,2
2023-02-04 21:00:00,10.0.0.3,192.168.1.1,file_access,7527,1,1
2023-02-04 22:00:00,10.0.0.2,192.168.1.1,login,8705,1,1
2023-02-04 23:00:00,10.0.0.1,192.168.1.2,malware_detected,2114,1,0
2023-02-05 00:00:00,10.0.0.2,192.168.1.1,malware_detected,1481,1,0
2023-02-05 01:00:00,10.0.0.1,192.168.1.1,malware_detected,1198,1,0
2023-02-05 02:00:00,10.0.0.3,192.168.1.1,file_access,3526,1,2
2023-02-05 03:00:00,10.0.0.2,192.168.1.2,file_access,3755,1,2
2023-02-05 04:00:00,10.0.0.3,192.168.1.2,malware_detected,8038,1,1
2023-02-05 05:00:00,10.0.0.2,192.168.1.1,login,9201,1,1
2023-02-05 06:00:00,10.0.0.3,192.168.1.2,login,287,-1,0
2023-02-05 07:00:00,10.0.0.1,192.168.1.1,file_access,5509,1,2
2023-02-05 08:00:00,10.0.0.1,192.168.1.2,login,2192,1,0
2023-02-05 09:00:00,10.0.0.1,192.168.1.1,file_access,2230,1,0
2023-02-05 10:00:00,10.0.0.2,192.168.1.1,malware_detected,5342,1,2
2023-02-05 11:00:00,10.0.0.1,192.168.1.2,file_access,8649,1,1
2023-02-05 12:00:00,10.0.0.2,192.168.1.1,file_access,5747,1,2
2023-02-05 13:00:00,10.0.0.1,192.168.1.2,malware_detected,5285,1,2
2023-02-05 14:00:00,10.0.0.1,192.168.1.2,login,5876,1,2
2023-02-05 15:00:00,10.0.0.2,192.168.1.1,file_access,8013,1,1
2023-02-05 16:00:00,10.0.0.2,192.168.1.1,file_access,7647,1,1
2023-02-05 17:00:00,10.0.0.1,192.168.1.2,malware_detected,7923,1,1
2023-02-05 18:00:00,10.0.0.2,192.168.1.1,login,7455,1,1
2023-02-05 19:00:00,10.0.0.1,192.168.1.1,file_access,6565,1,2
2023-02-05 20:00:00,10.0.0.2,192.168.1.1,malware_detected,1597,1,0
2023-02-05 21:00:00,10.0.0.3,192.168.1.1,file_access,2655,1,0
2023-02-05 22:00:00,10.0.0.3,192.168.1.1,malware_detected,5509,1,2
2023-02-05 23:00:00,10.0.0.3,192.168.1.2,login,3051,1,0
2023-02-06 00:00:00,10.0.0.3,192.168.1.2,login,1338,1,0
2023-02-06 01:00:00,10.0.0.3,192.168.1.1,login,9265,1,1
2023-02-06 02:00:00,10.0.0.1,192.168.1.1,login,4827,1,2
2023-02-06 03:00:00,10.0.0.3,192.168.1.1,file_access,4065,1,2
2023-02-06 04:00:00,10.0.0.3,192.168.1.2,file_access,5786,1,2
2023-02-06 05:00:00,10.0.0.3,192.168.1.1,login,9342,1,1
2023-02-06 06:00:00,10.0.0.3,192.168.1.2,login,3801,1,2
2023-02-06 07:00:00,10.0.0.2,192.168.1.2,login,2880,1,0
2023-02-06 08:00:00,10.0.0.1,192.168.1.2,file_access,7498,1,1
2023-02-06 09:00:00,10.0.0.3,192.168.1.1,login,1688,1,0
2023-02-06 10:00:00,10.0.0.3,192.168.1.2,login,2468,1,0
2023-02-06 11:00:00,10.0.0.3,192.168.1.1,login,5889,1,2
2023-02-06 12:00:00,10.0.0.1,192.168.1.2,malware_detected,536,1,0
2023-02-06 13:00:00,10.0.0.2,192.168.1.1,login,2928,1,0
2023-02-06 14:00:00,10.0.0.1,192.168.1.2,malware_detected,1656,1,0
2023-02-06 15:00:00,10.0.0.2,192.168.1.1,malware_detected,7670,1,1
2023-02-06 16:00:00,10.0.0.3,192.168.1.2,login,7580,1,1
2023-02-06 17:00:00,10.0.0.3,192.168.1.1,malware_detected,9596,1,1
2023-02-06 18:00:00,10.0.0.1,192.168.1.1,login,282,-1,0
2023-02-06 19:00:00,10.0.0.1,192.168.1.1,file_access,7290,1,1
2023-02-06 20:00:00,10.0.0.2,192.168.1.1,file_access,6787,1,2
2023-02-06 21:00:00,10.0.0.2,192.168.1.2,file_access,5665,1,2
2023-02-06 22:00:00,10.0.0.1,192.168.1.2,file_access,7341,1,1
2023-02-06 23:00:00,10.0.0.2,192.168.1.1,malware_detected,7751,1,1
2023-02-07 00:00:00,10.0.0.1,192.168.1.2,login,5675,1,2
2023-02-07 01:00:00,10.0.0.2,192.168.1.1,login,1689,1,0
2023-02-07 02:00:00,10.0.0.1,192.168.1.1,login,9879,-1,1
2023-02-07 03:00:00,10.0.0.1,192.168.1.2,file_access,8951,1,1
2023-02-07 04:00:00,10.0.0.1,192.168.1.1,file_access,259,-1,0
2023-02-07 05:00:00,10.0.0.2,192.168.1.1,login,6655,1,2
2023-02-07 06:00:00,10.0.0.2,192.168.1.2,file_access,9303,1,1
2023-02-07 07:00:00,10.0.0.2,192.168.1.1,login,8344,1,1
2023-02-07 08:00:00,10.0.0.1,192.168.1.1,login,6946,1,1
2023-02-07 09:00:00,10.0.0.2,192.168.1.1,login,2407,1,0
2023-02-07 10:00:00,10.0.0.2,192.168.1.1,login,1328,1,0
2023-02-07 11:00:00,10.0.0.1,192.168.1.2,login,7326,1,1
2023-02-07 12:00:00,10.0.0.3,192.168.1.2,login,5690,1,2
2023-02-07 13:00:00,10.0.0.1,192.168.1.2,login,7019,1,1
2023-02-07 14:00:00,10.0.0.2,192.168.1.1,file_access,5685,1,2
2023-02-07 15:00:00,10.0.0.1,192.168.1.1,login,9327,1,1
2023-02-07 16:00:00,10.0.0.3,192.168.1.2,login,6146,1,2
2023-02-07 17:00:00,10.0.0.1,192.168.1.1,file_access,5045,1,2
2023-02-07 18:00:00,10.0.0.2,192.168.1.1,file_access,8027,1,1
2023-02-07 19:00:00,10.0.0.3,192.168.1.1,file_access,7116,1,1
2023-02-07 20:00:00,10.0.0.2,192.168.1.1,login,7858,1,1
2023-02-07 21:00:00,10.0.0.3,192.168.1.2,malware_detected,5186,1,2
2023-02-07 22:00:00,10.0.0.3,192.168.1.2,malware_detected,9556,1,1
2023-02-07 23:00:00,10.0.0.1,192.168.1.2,file_access,7261,1,1
2023-02-08 00:00:00,10.0.0.1,192.168.1.1,malware_detected,1984,1,0
2023-02-08 01:00:00,10.0.0.2,192.168.1.2,file_access,1909,1,0
2023-02-08 02:00:00,10.0.0.1,192.168.1.2,login,3267,1,0
2023-02-08 03:00:00,10.0.0.1,192.168.1.1,malware_detected,6452,1,2
2023-02-08 04:00:00,10.0.0.3,192.168.1.1,login,9109,1,1
2023-02-08 05:00:00,10.0.0.1,192.168.1.2,malware_detected,6156,1,2
2023-02-08 06:00:00,10.0.0.3,192.168.1.2,login,2537,1,0
2023-02-08 07:00:00,10.0.0.3,192.168.1.2,malware_detected,6568,1,2
2023-02-08 08:00:00,10.0.0.3,192.168.1.2,login,9180,1,1
2023-02-08 09:00:00,10.0.0.2,192.168.1.1,login,6051,1,2
2023-02-08 10:00:00,10.0.0.2,192.168.1.2,malware_detected,5376,1,2
2023-02-08 11:00:00,10.0.0.2,192.168.1.2,login,8959,1,1
2023-02-08 12:00:00,10.0.0.3,192.168.1.1,login,7918,1,1
2023-02-08 13:00:00,10.0.0.2,192.168.1.2,login,4828,1,2
2023-02-08 14:00:00,10.0.0.2,192.168.1.1,malware_detected,2724,1,0
2023-02-08 15:00:00,10.0.0.1,192.168.1.1,malware_detected,5838,1,2
2023-02-08 16:00:00,10.0.0.2,192.168.1.1,login,4332,1,2
2023-02-08 17:00:00,10.0.0.2,192.168.1.2,login,5893,1,2
2023-02-08 18:00:00,10.0.0.3,192.168.1.2,malware_detected,4623,1,2
2023-02-08 19:00:00,10.0.0.3,192.168.1.1,malware_detected,5671,1,2
2023-02-08 20:00:00,10.0.0.3,192.168.1.2,login,9110,1,1
2023-02-08 21:00:00,10.0.0.3,192.168.1.2,login,9398,1,1
2023-02-08 22:00:00,10.0.0.3,192.168.1.1,login,2324,1,0
2023-02-08 23:00:00,10.0.0.3,192.168.1.1,file_access,8489,1,1
2023-02-09 00:00:00,10.0.0.2,192.168.1.2,malware_detected,6191,1,2
2023-02-09 01:00:00,10.0.0.3,192.168.1.1,file_access,8762,1,1
2023-02-09 02:00:00,10.0.0.3,192.168.1.2,malware_detected,6461,1,2
2023-02-09 03:00:00,10.0.0.1,192.168.1.2,malware_detected,2048,1,0
2023-02-09 04:00:00,10.0.0.2,192.168.1.2,malware_detected,7194,1,1
2023-02-09 05:00:00,10.0.0.2,192.168.1.2,malware_detected,6418,1,2
2023-02-09 06:00:00,10.0.0.2,192.168.1.1,malware_detected,3896,1,2
2023-02-09 07:00:00,10.0.0.3,192.168.1.1,malware_detected,334,1,0
2023-02-09 08:00:00,10.0.0.3,192.168.1.1,malware_detected,9220,1,1
2023-02-09 09:00:00,10.0.0.3,192.168.1.1,file_access,3707,1,2
2023-02-09 10:00:00,10.0.0.1,192.168.1.2,login,8143,1,1
2023-02-09 11:00:00,10.0.0.3,192.168.1.2,login,622,1,0
2023-02-09 12:00:00,10.0.0.1,192.168.1.1,file_access,6004,1,2
2023-02-09 13:00:00,10.0.0.2,192.168.1.2,file_access,4988,1,2
2023-02-09 14:00:00,10.0.0.3,192.168.1.2,file_access,9921,-1,1
2023-02-09 15:00:00,10.0.0.1,192.168.1.2,file_access,5932,1,2
2023-02-09 16:00:00,10.0.0.1,192.168.1.1,malware_detected,7222,1,1
2023-02-09 17:00:00,10.0.0.3,192.168.1.1,login,5942,1,2
2023-02-09 18:00:00,10.0.0.2,192.168.1.1,malware_detected,1416,1,0
2023-02-09 19:00:00,10.0.0.2,192.168.1.2,login,1224,1,0
2023-02-09 20:00:00,10.0.0.2,192.168.1.1,login,5721,1,2
2023-02-09 21:00:00,10.0.0.1,192.168.1.1,file_access,5523,1,2
2023-02-09 22:00:00,10.0.0.1,192.168.1.1,malware_detected,2687,1,0
2023-02-09 23:00:00,10.0.0.1,192.168.1.1,file_access,9315,1,1
2023-02-10 00:00:00,10.0.0.1,192.168.1.1,malware_detected,5772,1,2
2023-02-10 01:00:00,10.0.0.2,192.168.1.1,login,1478,1,0
2023-02-10 02:00:00,10.0.0.3,192.168.1.2,file_access,3474,1,0
2023-02-10 03:00:00,10.0.0.1,192.168.1.2,file_access,1619,1,0
2023-02-10 04:00:00,10.0.0.1,192.168.1.1,login,5877,1,2
2023-02-10 05:00:00,10.0.0.2,192.168.1.1,login,8035,1,1
2023-02-10 06:00:00,10.0.0.3,192.168.1.2,login,6193,1,2
2023-02-10 07:00:00,10.0.0.3,192.168.1.2,file_access,8518,1,1
2023-02-10 08:00:00,10.0.0.2,192.168.1.1,malware_detected,5455,1,2
2023-02-10 09:00:00,10.0.0.2,192.168.1.1,file_access,5068,1,2
2023-02-10 10:00:00,10.0.0.3,192.168.1.1,malware_detected,9183,1,1
2023-02-10 11:00:00,10.0.0.1,192.168.1.1,file_access,5674,1,2
2023-02-10 12:00:00,10.0.0.3,192.168.1.2,file_access,4172,1,2
2023-02-10 13:00:00,10.0.0.2,192.168.1.1,login,2357,1,0
2023-02-10 14:00:00,10.0.0.1,192.168.1.1,malware_detected,8688,1,1
2023-02-10 15:00:00,10.0.0.1,192.168.1.1,file_access,4524,1,2
2023-02-10 16:00:00,10.0.0.2,192.168.1.1,file_access,3337,1,0
2023-02-10 17:00:00,10.0.0.2,192.168.1.2,login,3993,1,2
2023-02-10 18:00:00,10.0.0.2,192.168.1.2,login,2105,1,0
2023-02-10 19:00:00,10.0.0.3,192.168.1.2,malware_detected,2116,1,0
2023-02-10 20:00:00,10.0.0.3,192.168.1.1,file_access,9488,1,1
2023-02-10 21:00:00,10.0.0.1,192.168.1.1,malware_detected,1872,1,0
2023-02-10 22:00:00,10.0.0.2,192.168.1.2,file_access,8453,1,1
2023-02-10 23:00:00,10.0.0.1,192.168.1.1,malware_detected,4076,1,2
2023-02-11 00:00:00,10.0.0.1,192.168.1.1,login,1851,1,0
2023-02-11 01:00:00,10.0.0.1,192.168.1.2,file_access,9067,1,1
2023-02-11 02:00:00,10.0.0.1,192.168.1.2,malware_detected,7530,1,1
2023-02-11 03:00:00,10.0.0.2,192.168.1.2,login,7270,1,1
2023-02-11 04:00:00,10.0.0.1,192.168.1.2,login,6569,1,2
2023-02-11 05:00:00,10.0.0.2,192.168.1.1,malware_detected,9231,1,1
2023-02-11 06:00:00,10.0.0.2,192.168.1.1,file_access,3320,1,0
2023-02-11 07:00:00,10.0.0.3,192.168.1.2,file_access,639,1,0
2023-02-11 08:00:00,10.0.0.2,192.168.1.1,login,1561,1,0
2023-02-11 09:00:00,10.0.0.3,192.168.1.2,file_access,5284,1,2
2023-02-11 10:00:00,10.0.0.2,192.168.1.2,file_access,8647,1,1
2023-02-11 11:00:00,10.0.0.2,192.168.1.1,file_access,334,1,0
2023-02-11 12:00:00,10.0.0.2,192.168.1.2,login,1648,1,0
2023-02-11 13:00:00,10.0.0.3,192.168.1.1,malware_detected,7580,1,1
2023-02-11 14:00:00,10.0.0.3,192.168.1.1,file_access,4313,1,2
2023-02-11 15:00:00,10.0.0.1,192.168.1.1,login,1773,1,0
