timestamp,src_ip,dst_ip,event_type,bytes
2023-01-01 00:00:00,10.0.0.3,192.168.1.1,login,7131
2023-01-01 01:00:00,10.0.0.1,192.168.1.1,malware_detected,9859
2023-01-01 02:00:00,10.0.0.3,192.168.1.1,file_access,5441
2023-01-01 03:00:00,10.0.0.3,192.168.1.1,login,138
2023-01-01 04:00:00,10.0.0.1,192.168.1.2,malware_detected,4975
2023-01-01 05:00:00,10.0.0.1,192.168.1.1,file_access,1356
2023-01-01 06:00:00,10.0.0.3,192.168.1.2,malware_detected,7797
2023-01-01 07:00:00,10.0.0.2,192.168.1.2,file_access,2296
2023-01-01 08:00:00,10.0.0.3,192.168.1.1,malware_detected,7265
2023-01-01 09:00:00,10.0.0.3,192.168.1.2,file_access,401
2023-01-01 10:00:00,10.0.0.3,192.168.1.2,login,7627
2023-01-01 11:00:00,10.0.0.3,192.168.1.2,file_access,6481
2023-01-01 12:00:00,10.0.0.1,192.168.1.2,malware_detected,746
2023-01-01 13:00:00,10.0.0.3,192.168.1.1,malware_detected,8889
2023-01-01 14:00:00,10.0.0.2,192.168.1.2,file_access,8953
2023-01-01 15:00:00,10.0.0.1,192.168.1.1,login,4430
2023-01-01 16:00:00,10.0.0.2,192.168.1.2,login,9660
2023-01-01 17:00:00,10.0.0.2,192.168.1.2,file_access,7103
2023-01-01 18:00:00,10.0.0.2,192.168.1.1,file_access,3637
2023-01-01 19:00:00,10.0.0.2,192.168.1.2,malware_detected,4658
2023-01-01 20:00:00,10.0.0.1,192.168.1.2,login,6679
2023-01-01 21:00:00,10.0.0.1,192.168.1.2,file_access,8574
2023-01-01 22:00:00,10.0.0.2,192.168.1.1,login,9778
2023-01-01 23:00:00,10.0.0.2,192.168.1.2,file_access,4182
2023-01-02 00:00:00,10.0.0.1,192.168.1.1,file_access,4283
2023-01-02 01:00:00,10.0.0.1,192.168.1.2,login,8752
2023-01-02 02:00:00,10.0.0.1,192.168.1.1,file_access,3854
2023-01-02 03:00:00,10.0.0.3,192.168.1.1,file_access,1824
2023-01-02 04:00:00,10.0.0.3,192.168.1.2,malware_detected,1476
2023-01-02 05:00:00,10.0.0.3,192.168.1.2,file_access,8806
2023-01-02 06:00:00,10.0.0.2,192.168.1.1,file_access,8994
2023-01-02 07:00:00,10.0.0.3,192.168.1.1,file_access,1753
2023-01-02 08:00:00,10.0.0.2,192.168.1.2,malware_detected,2166
2023-01-02 09:00:00,10.0.0.2,192.168.1.1,login,122
2023-01-02 10:00:00,10.0.0.3,192.168.1.2,malware_detected,2560
2023-01-02 11:00:00,10.0.0.2,192.168.1.2,malware_detected,6026
2023-01-02 12:00:00,10.0.0.3,192.168.1.2,login,6351
2023-01-02 13:00:00,10.0.0.3,192.168.1.2,malware_detected,9596
2023-01-02 14:00:00,10.0.0.1,192.168.1.1,login,7395
2023-01-02 15:00:00,10.0.0.3,192.168.1.2,malware_detected,3400
2023-01-02 16:00:00,10.0.0.1,192.168.1.1,login,6379
2023-01-02 17:00:00,10.0.0.3,192.168.1.2,file_access,8653
2023-01-02 18:00:00,10.0.0.3,192.168.1.1,malware_detected,7453
2023-01-02 19:00:00,10.0.0.1,192.168.1.2,malware_detected,3827
2023-01-02 20:00:00,10.0.0.1,192.168.1.1,malware_detected,6372
2023-01-02 21:00:00,10.0.0.3,192.168.1.1,malware_detected,6095
2023-01-02 22:00:00,10.0.0.2,192.168.1.2,file_access,9576
2023-01-02 23:00:00,10.0.0.1,192.168.1.2,malware_detected,614
2023-01-03 00:00:00,10.0.0.2,192.168.1.2,file_access,548
2023-01-03 01:00:00,10.0.0.2,192.168.1.2,file_access,6119
2023-01-03 02:00:00,10.0.0.2,192.168.1.1,file_access,5443
2023-01-03 03:00:00,10.0.0.1,192.168.1.2,file_access,8133
2023-01-03 04:00:00,10.0.0.2,192.168.1.1,login,2620
2023-01-03 05:00:00,10.0.0.1,192.168.1.1,login,3181
2023-01-03 06:00:00,10.0.0.2,192.168.1.2,malware_detected,1528
2023-01-03 07:00:00,10.0.0.3,192.168.1.1,login,4067
2023-01-03 08:00:00,10.0.0.3,192.168.1.1,login,6545
2023-01-03 09:00:00,10.0.0.1,192.168.1.1,malware_detected,9214
2023-01-03 10:00:00,10.0.0.3,192.168.1.1,malware_detected,2259
2023-01-03 11:00:00,10.0.0.3,192.168.1.2,malware_detected,5232
2023-01-03 12:00:00,10.0.0.2,192.168.1.2,login,2647
2023-01-03 13:00:00,10.0.0.1,192.168.1.2,login,3079
2023-01-03 14:00:00,10.0.0.2,192.168.1.2,malware_detected,2749
2023-01-03 15:00:00,10.0.0.2,192.168.1.1,file_access,8605
2023-01-03 16:00:00,10.0.0.2,192.168.1.1,malware_detected,3183
2023-01-03 17:00:00,10.0.0.2,192.168.1.2,file_access,1137
2023-01-03 18:00:00,10.0.0.2,192.168.1.2,file_access,3589
2023-01-03 19:00:00,10.0.0.2,192.168.1.2,malware_detected,7704
2023-01-03 20:00:00,10.0.0.2,192.168.1.1,malware_detected,7644
2023-01-03 21:00:00,10.0.0.1,192.168.1.2,malware_detected,2734
2023-01-03 22:00:00,10.0.0.3,192.168.1.2,login,4083
2023-01-03 23:00:00,10.0.0.2,192.168.1.2,file_access,1878
2023-01-04 00:00:00,10.0.0.2,192.168.1.1,login,8002
2023-01-04 01:00:00,10.0.0.2,192.168.1.1,login,5210
2023-01-04 02:00:00,10.0.0.2,192.168.1.1,malware_detected,5289
2023-01-04 03:00:00,10.0.0.2,192.168.1.1,login,7478
2023-01-04 04:00:00,10.0.0.2,192.168.1.1,malware_detected,1224
2023-01-04 05:00:00,10.0.0.3,192.168.1.1,file_access,797
2023-01-04 06:00:00,10.0.0.3,192.168.1.1,malware_detected,2279
2023-01-04 07:00:00,10.0.0.2,192.168.1.1,login,9696
2023-01-04 08:00:00,10.0.0.3,192.168.1.2,login,5351
2023-01-04 09:00:00,10.0.0.1,192.168.1.2,malware_detected,9335
2023-01-04 10:00:00,10.0.0.2,192.168.1.1,malware_detected,2029
2023-01-04 11:00:00,10.0.0.1,192.168.1.1,login,1113
2023-01-04 12:00:00,10.0.0.1,192.168.1.2,file_access,326
2023-01-04 13:00:00,10.0.0.2,192.168.1.1,file_access,7421
2023-01-04 14:00:00,10.0.0.3,192.168.1.1,malware_detected,1928
2023-01-04 15:00:00,10.0.0.1,192.168.1.1,file_access,8009
2023-01-04 16:00:00,10.0.0.2,192.168.1.2,login,5688
2023-01-04 17:00:00,10.0.0.1,192.168.1.2,malware_detected,2123
2023-01-04 18:00:00,10.0.0.1,192.168.1.2,login,5066
2023-01-04 19:00:00,10.0.0.1,192.168.1.2,login,5991
2023-01-04 20:00:00,10.0.0.1,192.168.1.2,file_access,1180
2023-01-04 21:00:00,10.0.0.3,192.168.1.1,malware_detected,5136
2023-01-04 22:00:00,10.0.0.1,192.168.1.2,malware_detected,2663
2023-01-04 23:00:00,10.0.0.1,192.168.1.1,file_access,3392
2023-01-05 00:00:00,10.0.0.1,192.168.1.1,login,3686
2023-01-05 01:00:00,10.0.0.3,192.168.1.2,login,4531
2023-01-05 02:00:00,10.0.0.1,192.168.1.2,login,6941
2023-01-05 03:00:00,10.0.0.1,192.168.1.1,login,6743
2023-01-05 04:00:00,10.0.0.3,192.168.1.1,malware_detected,4059
2023-01-05 05:00:00,10.0.0.3,192.168.1.1,malware_detected,261
2023-01-05 06:00:00,10.0.0.3,192.168.1.2,file_access,693
2023-01-05 07:00:00,10.0.0.1,192.168.1.2,file_access,3490
2023-01-05 08:00:00,10.0.0.3,192.168.1.2,malware_detected,6097
2023-01-05 09:00:00,10.0.0.3,192.168.1.2,malware_detected,6454
2023-01-05 10:00:00,10.0.0.1,192.168.1.2,login,763
2023-01-05 11:00:00,10.0.0.3,192.168.1.1,login,9424
2023-01-05 12:00:00,10.0.0.1,192.168.1.2,file_access,641
2023-01-05 13:00:00,10.0.0.2,192.168.1.1,malware_detected,5533
2023-01-05 14:00:00,10.0.0.3,192.168.1.1,file_access,5193
2023-01-05 15:00:00,10.0.0.2,192.168.1.1,malware_detected,967
2023-01-05 16:00:00,10.0.0.1,192.168.1.2,login,8723
2023-01-05 17:00:00,10.0.0.3,192.168.1.2,file_access,5569
2023-01-05 18:00:00,10.0.0.1,192.168.1.2,file_access,6356
2023-01-05 19:00:00,10.0.0.2,192.168.1.1,malware_detected,9498
2023-01-05 20:00:00,10.0.0.1,192.168.1.1,login,1269
2023-01-05 21:00:00,10.0.0.3,192.168.1.1,file_access,930
2023-01-05 22:00:00,10.0.0.3,192.168.1.1,login,1751
2023-01-05 23:00:00,10.0.0.2,192.168.1.1,file_access,1236
2023-01-06 00:00:00,10.0.0.1,192.168.1.1,login,2910
2023-01-06 01:00:00,10.0.0.3,192.168.1.2,malware_detected,8767
2023-01-06 02:00:00,10.0.0.2,192.168.1.2,file_access,9618
2023-01-06 03:00:00,10.0.0.3,192.168.1.2,file_access,1119
2023-01-06 04:00:00,10.0.0.3,192.168.1.2,login,5337
2023-01-06 05:00:00,10.0.0.1,192.168.1.1,login,1383
2023-01-06 06:00:00,10.0.0.3,192.168.1.1,file_access,759
2023-01-06 07:00:00,10.0.0.1,192.168.1.2,malware_detected,2110
2023-01-06 08:00:00,10.0.0.3,192.168.1.1,login,8690
2023-01-06 09:00:00,10.0.0.2,192.168.1.2,login,1833
2023-01-06 10:00:00,10.0.0.3,192.168.1.2,login,2225
2023-01-06 11:00:00,10.0.0.1,192.168.1.2,file_access,2271
2023-01-06 12:00:00,10.0.0.1,192.168.1.1,file_access,8366
2023-01-06 13:00:00,10.0.0.2,192.168.1.2,file_access,3571
2023-01-06 14:00:00,10.0.0.3,192.168.1.2,file_access,9128
2023-01-06 15:00:00,10.0.0.3,192.168.1.2,malware_detected,5724
2023-01-06 16:00:00,10.0.0.2,192.168.1.1,malware_detected,8791
2023-01-06 17:00:00,10.0.0.3,192.168.1.1,file_access,8429
2023-01-06 18:00:00,10.0.0.3,192.168.1.2,malware_detected,2197
2023-01-06 19:00:00,10.0.0.1,192.168.1.1,login,5168
2023-01-06 20:00:00,10.0.0.3,192.168.1.1,login,6497
2023-01-06 21:00:00,10.0.0.3,192.168.1.1,login,2857
2023-01-06 22:00:00,10.0.0.2,192.168.1.1,file_access,4020
2023-01-06 23:00:00,10.0.0.2,192.168.1.1,login,8286
2023-01-07 00:00:00,10.0.0.1,192.168.1.1,malware_detected,2000
2023-01-07 01:00:00,10.0.0.3,192.168.1.1,file_access,2710
2023-01-07 02:00:00,10.0.0.3,192.168.1.1,malware_detected,7000
2023-01-07 03:00:00,10.0.0.3,192.168.1.1,login,1549
2023-01-07 04:00:00,10.0.0.1,192.168.1.1,login,8838
2023-01-07 05:00:00,10.0.0.1,192.168.1.2,login,5117
2023-01-07 06:00:00,10.0.0.2,192.168.1.2,file_access,8099
2023-01-07 07:00:00,10.0.0.1,192.168.1.1,malware_detected,6152
2023-01-07 08:00:00,10.0.0.3,192.168.1.2,file_access,2196
2023-01-07 09:00:00,10.0.0.3,192.168.1.2,file_access,8995
2023-01-07 10:00:00,10.0.0.1,192.168.1.1,login,6504
2023-01-07 11:00:00,10.0.0.3,192.168.1.1,file_access,9917
2023-01-07 12:00:00,10.0.0.3,192.168.1.1,file_access,3431
2023-01-07 13:00:00,10.0.0.1,192.168.1.2,login,7562
2023-01-07 14:00:00,10.0.0.1,192.168.1.2,file_access,5205
2023-01-07 15:00:00,10.0.0.3,192.168.1.1,login,3078
2023-01-07 16:00:00,10.0.0.3,192.168.1.1,login,2939
2023-01-07 17:00:00,10.0.0.3,192.168.1.1,login,3484
2023-01-07 18:00:00,10.0.0.2,192.168.1.2,login,785
2023-01-07 19:00:00,10.0.0.2,192.168.1.2,file_access,7631
2023-01-07 20:00:00,10.0.0.2,192.168.1.2,login,4383
2023-01-07 21:00:00,10.0.0.1,192.168.1.2,login,7836
2023-01-07 22:00:00,10.0.0.2,192.168.1.1,file_access,7810
2023-01-07 23:00:00,10.0.0.1,192.168.1.1,file_access,1719
2023-01-08 00:00:00,10.0.0.1,192.168.1.1,malware_detected,6968
2023-01-08 01:00:00,10.0.0.2,192.168.1.1,file_access,1531
2023-01-08 02:00:00,10.0.0.2,192.168.1.2,file_access,9167
2023-01-08 03:00:00,10.0.0.2,192.168.1.2,malware_detected,4813
2023-01-08 04:00:00,10.0.0.3,192.168.1.1,file_access,9657
2023-01-08 05:00:00,10.0.0.2,192.168.1.1,file_access,9535
2023-01-08 06:00:00,10.0.0.3,192.168.1.2,file_access,5098
2023-01-08 07:00:00,10.0.0.1,192.168.1.1,file_access,262
2023-01-08 08:00:00,10.0.0.3,192.168.1.2,malware_detected,2074
2023-01-08 09:00:00,10.0.0.2,192.168.1.1,file_access,3391
2023-01-08 10:00:00,10.0.0.1,192.168.1.1,file_access,8561
2023-01-08 11:00:00,10.0.0.1,192.168.1.1,malware_detected,731
2023-01-08 12:00:00,10.0.0.1,192.168.1.1,login,1005
2023-01-08 13:00:00,10.0.0.3,192.168.1.1,malware_detected,2114
2023-01-08 14:00:00,10.0.0.2,192.168.1.1,login,9933
2023-01-08 15:00:00,10.0.0.1,192.168.1.1,malware_detected,7996
2023-01-08 16:00:00,10.0.0.1,192.168.1.2,malware_detected,304
2023-01-08 17:00:00,10.0.0.1,192.168.1.2,file_access,681
2023-01-08 18:00:00,10.0.0.3,192.168.1.2,login,5775
2023-01-08 19:00:00,10.0.0.3,192.168.1.2,file_access,9132
2023-01-08 20:00:00,10.0.0.2,192.168.1.2,login,5447
2023-01-08 21:00:00,10.0.0.3,192.168.1.1,malware_detected,2743
2023-01-08 22:00:00,10.0.0.1,192.168.1.1,malware_detected,8117
2023-01-08 23:00:00,10.0.0.2,192.168.1.2,login,2397
2023-01-09 00:00:00,10.0.0.1,192.168.1.1,file_access,974
2023-01-09 01:00:00,10.0.0.1,192.168.1.2,file_access,5660
2023-01-09 02:00:00,10.0.0.3,192.168.1.2,file_access,789
2023-01-09 03:00:00,10.0.0.2,192.168.1.1,file_access,4100
2023-01-09 04:00:00,10.0.0.3,192.168.1.1,malware_detected,9714
2023-01-09 05:00:00,10.0.0.3,192.168.1.1,malware_detected,771
2023-01-09 06:00:00,10.0.0.2,192.168.1.2,malware_detected,8027
2023-01-09 07:00:00,10.0.0.1,192.168.1.1,malware_detected,1271
2023-01-09 08:00:00,10.0.0.1,192.168.1.2,malware_detected,5691
2023-01-09 09:00:00,10.0.0.2,192.168.1.2,file_access,9235
2023-01-09 10:00:00,10.0.0.1,192.168.1.2,file_access,6442
2023-01-09 11:00:00,10.0.0.2,192.168.1.1,file_access,1549
2023-01-09 12:00:00,10.0.0.2,192.168.1.1,file_access,2639
2023-01-09 13:00:00,10.0.0.3,192.168.1.2,malware_detected,4059
2023-01-09 14:00:00,10.0.0.2,192.168.1.1,malware_detected,6385
2023-01-09 15:00:00,10.0.0.3,192.168.1.1,malware_detected,5532
2023-01-09 16:00:00,10.0.0.1,192.168.1.1,login,4360
2023-01-09 17:00:00,10.0.0.1,192.168.1.2,file_access,2461
2023-01-09 18:00:00,10.0.0.1,192.168.1.2,file_access,6264
2023-01-09 19:00:00,10.0.0.1,192.168.1.1,malware_detected,3770
2023-01-09 20:00:00,10.0.0.3,192.168.1.2,file_access,1853
2023-01-09 21:00:00,10.0.0.1,192.168.1.1,file_access,8200
2023-01-09 22:00:00,10.0.0.2,192.168.1.1,malware_detected,2038
2023-01-09 23:00:00,10.0.0.2,192.168.1.1,login,8662
2023-01-10 00:00:00,10.0.0.2,192.168.1.1,login,6076
2023-01-10 01:00:00,10.0.0.3,192.168.1.2,login,6688
2023-01-10 02:00:00,10.0.0.1,192.168.1.2,malware_detected,8716
2023-01-10 03:00:00,10.0.0.1,192.168.1.2,file_access,6404
2023-01-10 04:00:00,10.0.0.1,192.168.1.1,malware_detected,7445
2023-01-10 05:00:00,10.0.0.3,192.168.1.1,malware_detected,7975
2023-01-10 06:00:00,10.0.0.2,192.168.1.1,file_access,9186
2023-01-10 07:00:00,10.0.0.2,192.168.1.2,login,6733
2023-01-10 08:00:00,10.0.0.1,192.168.1.1,login,697
2023-01-10 09:00:00,10.0.0.2,192.168.1.2,malware_detected,3162
2023-01-10 10:00:00,10.0.0.2,192.168.1.2,login,2436
2023-01-10 11:00:00,10.0.0.3,192.168.1.2,malware_detected,9979
2023-01-10 12:00:00,10.0.0.3,192.168.1.2,malware_detected,672
2023-01-10 13:00:00,10.0.0.3,192.168.1.2,file_access,7621
2023-01-10 14:00:00,10.0.0.3,192.168.1.2,file_access,6271
2023-01-10 15:00:00,10.0.0.1,192.168.1.1,file_access,7197
2023-01-10 16:00:00,10.0.0.3,192.168.1.1,malware_detected,2190
2023-01-10 17:00:00,10.0.0.2,192.168.1.2,file_access,6666
2023-01-10 18:00:00,10.0.0.1,192.168.1.2,login,4724
2023-01-10 19:00:00,10.0.0.2,192.168.1.1,login,1733
2023-01-10 20:00:00,10.0.0.2,192.168.1.2,malware_detected,1617
2023-01-10 21:00:00,10.0.0.2,192.168.1.2,malware_detected,3748
2023-01-10 22:00:00,10.0.0.3,192.168.1.1,file_access,1637
2023-01-10 23:00:00,10.0.0.3,192.168.1.2,malware_detected,3237
2023-01-11 00:00:00,10.0.0.1,192.168.1.2,malware_detected,7085
2023-01-11 01:00:00,10.0.0.1,192.168.1.2,login,197
2023-01-11 02:00:00,10.0.0.3,192.168.1.1,login,3850
2023-01-11 03:00:00,10.0.0.2,192.168.1.1,file_access,8635
2023-01-11 04:00:00,10.0.0.1,192.168.1.1,malware_detected,8274
2023-01-11 05:00:00,10.0.0.3,192.168.1.2,malware_detected,8203
2023-01-11 06:00:00,10.0.0.3,192.168.1.2,login,5513
2023-01-11 07:00:00,10.0.0.3,192.168.1.1,malware_detected,4766
2023-01-11 08:00:00,10.0.0.2,192.168.1.2,login,710
2023-01-11 09:00:00,10.0.0.3,192.168.1.2,file_access,1827
2023-01-11 10:00:00,10.0.0.3,192.168.1.2,login,1954
2023-01-11 11:00:00,10.0.0.3,192.168.1.2,malware_detected,5155
2023-01-11 12:00:00,10.0.0.3,192.168.1.2,file_access,2424
2023-01-11 13:00:00,10.0.0.1,192.168.1.1,login,9469
2023-01-11 14:00:00,10.0.0.1,192.168.1.2,login,9383
2023-01-11 15:00:00,10.0.0.3,192.168.1.1,file_access,5874
2023-01-11 16:00:00,10.0.0.2,192.168.1.2,file_access,6619
2023-01-11 17:00:00,10.0.0.1,192.168.1.1,login,1849
2023-01-11 18:00:00,10.0.0.3,192.168.1.2,malware_detected,881
2023-01-11 19:00:00,10.0.0.1,192.168.1.1,login,7648
2023-01-11 20:00:00,10.0.0.1,192.168.1.2,file_access,6923
2023-01-11 21:00:00,10.0.0.2,192.168.1.1,login,2205
2023-01-11 22:00:00,10.0.0.3,192.168.1.2,file_access,3967
2023-01-11 23:00:00,10.0.0.3,192.168.1.1,file_access,7293
2023-01-12 00:00:00,10.0.0.2,192.168.1.2,malware_detected,5076
2023-01-12 01:00:00,10.0.0.2,192.168.1.1,file_access,2213
2023-01-12 02:00:00,10.0.0.3,192.168.1.1,file_access,5979
2023-01-12 03:00:00,10.0.0.3,192.168.1.2,malware_detected,4070
2023-01-12 04:00:00,10.0.0.2,192.168.1.2,file_access,9359
2023-01-12 05:00:00,10.0.0.1,192.168.1.1,malware_detected,7364
2023-01-12 06:00:00,10.0.0.1,192.168.1.2,malware_detected,1677
2023-01-12 07:00:00,10.0.0.2,192.168.1.1,file_access,9303
2023-01-12 08:00:00,10.0.0.1,192.168.1.1,file_access,2374
2023-01-12 09:00:00,10.0.0.2,192.168.1.1,login,4969
2023-01-12 10:00:00,10.0.0.1,192.168.1.2,malware_detected,6844
2023-01-12 11:00:00,10.0.0.1,192.168.1.1,login,2526
2023-01-12 12:00:00,10.0.0.3,192.168.1.1,file_access,5646
2023-01-12 13:00:00,10.0.0.3,192.168.1.2,login,6952
2023-01-12 14:00:00,10.0.0.1,192.168.1.2,malware_detected,2651
2023-01-12 15:00:00,10.0.0.1,192.168.1.2,login,6511
2023-01-12 16:00:00,10.0.0.3,192.168.1.2,malware_detected,107
2023-01-12 17:00:00,10.0.0.3,192.168.1.1,file_access,8187
2023-01-12 18:00:00,10.0.0.3,192.168.1.1,file_access,2655
2023-01-12 19:00:00,10.0.0.2,192.168.1.1,malware_detected,575
2023-01-12 20:00:00,10.0.0.1,192.168.1.1,file_access,5516
2023-01-12 21:00:00,10.0.0.3,192.168.1.2,file_access,8776
2023-01-12 22:00:00,10.0.0.1,192.168.1.1,file_access,7339
2023-01-12 23:00:00,10.0.0.2,192.168.1.1,file_access,6810
2023-01-13 00:00:00,10.0.0.2,192.168.1.2,malware_detected,5100
2023-01-13 01:00:00,10.0.0.3,192.168.1.1,login,4754
2023-01-13 02:00:00,10.0.0.2,192.168.1.1,login,8178
2023-01-13 03:00:00,10.0.0.1,192.168.1.1,file_access,6163
2023-01-13 04:00:00,10.0.0.3,192.168.1.1,login,2385
2023-01-13 05:00:00,10.0.0.1,192.168.1.1,login,5323
2023-01-13 06:00:00,10.0.0.1,192.168.1.1,file_access,7071
2023-01-13 07:00:00,10.0.0.2,192.168.1.2,file_access,3625
2023-01-13 08:00:00,10.0.0.2,192.168.1.2,login,2922
2023-01-13 09:00:00,10.0.0.2,192.168.1.1,malware_detected,5043
2023-01-13 10:00:00,10.0.0.2,192.168.1.1,file_access,6630
2023-01-13 11:00:00,10.0.0.2,192.168.1.2,malware_detected,358
2023-01-13 12:00:00,10.0.0.3,192.168.1.1,login,382
2023-01-13 13:00:00,10.0.0.1,192.168.1.1,file_access,1998
2023-01-13 14:00:00,10.0.0.1,192.168.1.1,malware_detected,4235
2023-01-13 15:00:00,10.0.0.1,192.168.1.2,file_access,6729
2023-01-13 16:00:00,10.0.0.1,192.168.1.1,login,3300
2023-01-13 17:00:00,10.0.0.2,192.168.1.2,malware_detected,5210
2023-01-13 18:00:00,10.0.0.1,192.168.1.1,login,7267
2023-01-13 19:00:00,10.0.0.3,192.168.1.2,login,712
2023-01-13 20:00:00,10.0.0.3,192.168.1.2,file_access,787
2023-01-13 21:00:00,10.0.0.1,192.168.1.1,malware_detected,3790
2023-01-13 22:00:00,10.0.0.1,192.168.1.2,login,8904
2023-01-13 23:00:00,10.0.0.3,192.168.1.1,login,2407
2023-01-14 00:00:00,10.0.0.3,192.168.1.2,malware_detected,7233
2023-01-14 01:00:00,10.0.0.2,192.168.1.1,login,6609
2023-01-14 02:00:00,10.0.0.3,192.168.1.1,login,6006
2023-01-14 03:00:00,10.0.0.2,192.168.1.2,malware_detected,2691
2023-01-14 04:00:00,10.0.0.2,192.168.1.1,malware_detected,7283
2023-01-14 05:00:00,10.0.0.2,192.168.1.1,malware_detected,5348
2023-01-14 06:00:00,10.0.0.2,192.168.1.2,malware_detected,8866
2023-01-14 07:00:00,10.0.0.2,192.168.1.1,file_access,5208
2023-01-14 08:00:00,10.0.0.1,192.168.1.1,malware_detected,3704
2023-01-14 09:00:00,10.0.0.3,192.168.1.2,file_access,769
2023-01-14 10:00:00,10.0.0.2,192.168.1.2,file_access,4464
2023-01-14 11:00:00,10.0.0.3,192.168.1.1,file_access,7429
2023-01-14 12:00:00,10.0.0.3,192.168.1.1,login,1383
2023-01-14 13:00:00,10.0.0.2,192.168.1.2,file_access,1023
2023-01-14 14:00:00,10.0.0.1,192.168.1.2,file_access,1225
2023-01-14 15:00:00,10.0.0.2,192.168.1.1,login,1629
2023-01-14 16:00:00,10.0.0.1,192.168.1.2,login,9886
2023-01-14 17:00:00,10.0.0.3,192.168.1.1,login,8538
2023-01-14 18:00:00,10.0.0.1,192.168.1.1,malware_detected,3811
2023-01-14 19:00:00,10.0.0.1,192.168.1.1,login,8104
2023-01-14 20:00:00,10.0.0.1,192.168.1.1,login,9852
2023-01-14 21:00:00,10.0.0.3,192.168.1.1,file_access,6374
2023-01-14 22:00:00,10.0.0.3,192.168.1.2,login,3964
2023-01-14 23:00:00,10.0.0.1,192.168.1.2,malware_detected,7933
2023-01-15 00:00:00,10.0.0.1,192.168.1.2,login,6888
2023-01-15 01:00:00,10.0.0.2,192.168.1.2,malware_detected,326
2023-01-15 02:00:00,10.0.0.1,192.168.1.1,login,364
2023-01-15 03:00:00,10.0.0.2,192.168.1.1,login,9687
2023-01-15 04:00:00,10.0.0.1,192.168.1.1,login,745
2023-01-15 05:00:00,10.0.0.2,192.168.1.1,login,7644
2023-01-15 06:00:00,10.0.0.3,192.168.1.2,malware_detected,5669
2023-01-15 07:00:00,10.0.0.1,192.168.1.1,malware_detected,3090
2023-01-15 08:00:00,10.0.0.1,192.168.1.1,file_access,2604
2023-01-15 09:00:00,10.0.0.1,192.168.1.2,malware_detected,9446
2023-01-15 10:00:00,10.0.0.1,192.168.1.2,login,687
2023-01-15 11:00:00,10.0.0.2,192.168.1.2,file_access,9277
2023-01-15 12:00:00,10.0.0.1,192.168.1.2,file_access,4179
2023-01-15 13:00:00,10.0.0.3,192.168.1.1,file_access,3448
2023-01-15 14:00:00,10.0.0.3,192.168.1.1,login,6399
2023-01-15 15:00:00,10.0.0.1,192.168.1.2,malware_detected,3931
2023-01-15 16:00:00,10.0.0.3,192.168.1.1,login,9533
2023-01-15 17:00:00,10.0.0.1,192.168.1.1,file_access,8481
2023-01-15 18:00:00,10.0.0.1,192.168.1.1,login,9272
2023-01-15 19:00:00,10.0.0.3,192.168.1.2,login,9990
2023-01-15 20:00:00,10.0.0.1,192.168.1.1,malware_detected,1815
2023-01-15 21:00:00,10.0.0.3,192.168.1.2,malware_detected,6550
2023-01-15 22:00:00,10.0.0.2,192.168.1.1,file_access,5533
2023-01-15 23:00:00,10.0.0.1,192.168.1.1,login,1198
2023-01-16 00:00:00,10.0.0.2,192.168.1.1,login,7196
2023-01-16 01:00:00,10.0.0.3,192.168.1.2,malware_detected,2426
2023-01-16 02:00:00,10.0.0.2,192.168.1.1,login,9187
2023-01-16 03:00:00,10.0.0.2,192.168.1.2,login,6516
2023-01-16 04:00:00,10.0.0.3,192.168.1.2,login,7080
2023-01-16 05:00:00,10.0.0.2,192.168.1.2,malware_detected,6863
2023-01-16 06:00:00,10.0.0.2,192.168.1.1,file_access,1774
2023-01-16 07:00:00,10.0.0.3,192.168.1.1,file_access,8050
2023-01-16 08:00:00,10.0.0.2,192.168.1.1,login,9222
2023-01-16 09:00:00,10.0.0.3,192.168.1.1,file_access,9015
2023-01-16 10:00:00,10.0.0.2,192.168.1.2,malware_detected,6149
2023-01-16 11:00:00,10.0.0.3,192.168.1.2,malware_detected,1189
2023-01-16 12:00:00,10.0.0.3,192.168.1.2,file_access,4678
2023-01-16 13:00:00,10.0.0.2,192.168.1.1,file_access,9227
2023-01-16 14:00:00,10.0.0.2,192.168.1.2,login,255
2023-01-16 15:00:00,10.0.0.2,192.168.1.1,file_access,9362
2023-01-16 16:00:00,10.0.0.1,192.168.1.2,login,2058
2023-01-16 17:00:00,10.0.0.1,192.168.1.1,login,6444
2023-01-16 18:00:00,10.0.0.1,192.168.1.1,malware_detected,5879
2023-01-16 19:00:00,10.0.0.3,192.168.1.2,malware_detected,6244
2023-01-16 20:00:00,10.0.0.2,192.168.1.2,malware_detected,5163
2023-01-16 21:00:00,10.0.0.3,192.168.1.2,malware_detected,3930
2023-01-16 22:00:00,10.0.0.1,192.168.1.2,file_access,9146
2023-01-16 23:00:00,10.0.0.2,192.168.1.1,malware_detected,8931
2023-01-17 00:00:00,10.0.0.3,192.168.1.2,file_access,9894
2023-01-17 01:00:00,10.0.0.2,192.168.1.2,malware_detected,6759
2023-01-17 02:00:00,10.0.0.3,192.168.1.2,file_access,541
2023-01-17 03:00:00,10.0.0.2,192.168.1.1,login,6140
2023-01-17 04:00:00,10.0.0.1,192.168.1.1,file_access,6025
2023-01-17 05:00:00,10.0.0.1,192.168.1.2,file_access,7458
2023-01-17 06:00:00,10.0.0.2,192.168.1.1,malware_detected,4728
2023-01-17 07:00:00,10.0.0.3,192.168.1.2,file_access,6470
2023-01-17 08:00:00,10.0.0.1,192.168.1.1,login,9628
2023-01-17 09:00:00,10.0.0.1,192.168.1.1,login,1048
2023-01-17 10:00:00,10.0.0.1,192.168.1.1,malware_detected,8279
2023-01-17 11:00:00,10.0.0.2,192.168.1.1,login,6215
2023-01-17 12:00:00,10.0.0.2,192.168.1.2,file_access,559
2023-01-17 13:00:00,10.0.0.3,192.168.1.2,login,7668
2023-01-17 14:00:00,10.0.0.3,192.168.1.2,malware_detected,4746
2023-01-17 15:00:00,10.0.0.3,192.168.1.1,file_access,492
2023-01-17 16:00:00,10.0.0.2,192.168.1.2,malware_detected,1887
2023-01-17 17:00:00,10.0.0.2,192.168.1.2,file_access,7474
2023-01-17 18:00:00,10.0.0.3,192.168.1.2,login,1238
2023-01-17 19:00:00,10.0.0.3,192.168.1.1,malware_detected,4841
2023-01-17 20:00:00,10.0.0.2,192.168.1.1,malware_detected,7518
2023-01-17 21:00:00,10.0.0.3,192.168.1.1,file_access,6462
2023-01-17 22:00:00,10.0.0.1,192.168.1.2,malware_detected,2554
2023-01-17 23:00:00,10.0.0.2,192.168.1.2,file_access,9758
2023-01-18 00:00:00,10.0.0.3,192.168.1.2,file_access,3774
2023-01-18 01:00:00,10.0.0.2,192.168.1.1,file_access,1477
2023-01-18 02:00:00,10.0.0.1,192.168.1.1,file_access,6801
2023-01-18 03:00:00,10.0.0.2,192.168.1.2,login,2697
2023-01-18 04:00:00,10.0.0.2,192.168.1.1,file_access,241
2023-01-18 05:00:00,10.0.0.2,192.168.1.1,malware_detected,2759
2023-01-18 06:00:00,10.0.0.2,192.168.1.1,login,4696
2023-01-18 07:00:00,10.0.0.1,192.168.1.1,malware_detected,9131
2023-01-18 08:00:00,10.0.0.2,192.168.1.2,login,5761
2023-01-18 09:00:00,10.0.0.2,192.168.1.1,file_access,6242
2023-01-18 10:00:00,10.0.0.3,192.168.1.1,login,5726
2023-01-18 11:00:00,10.0.0.2,192.168.1.1,login,8887
2023-01-18 12:00:00,10.0.0.3,192.168.1.1,malware_detected,8572
2023-01-18 13:00:00,10.0.0.1,192.168.1.2,malware_detected,523
2023-01-18 14:00:00,10.0.0.1,192.168.1.2,file_access,7099
2023-01-18 15:00:00,10.0.0.1,192.168.1.1,login,4349
2023-01-18 16:00:00,10.0.0.1,192.168.1.1,login,1850
2023-01-18 17:00:00,10.0.0.3,192.168.1.1,login,4857
2023-01-18 18:00:00,10.0.0.2,192.168.1.1,file_access,2067
2023-01-18 19:00:00,10.0.0.1,192.168.1.1,file_access,4188
2023-01-18 20:00:00,10.0.0.2,192.168.1.1,file_access,4278
2023-01-18 21:00:00,10.0.0.3,192.168.1.2,file_access,7889
2023-01-18 22:00:00,10.0.0.3,192.168.1.1,file_access,3046
2023-01-18 23:00:00,10.0.0.3,192.168.1.2,malware_detected,9741
2023-01-19 00:00:00,10.0.0.1,192.168.1.2,login,5494
2023-01-19 01:00:00,10.0.0.2,192.168.1.1,login,7980
2023-01-19 02:00:00,10.0.0.2,192.168.1.2,login,5175
2023-01-19 03:00:00,10.0.0.2,192.168.1.2,login,7330
2023-01-19 04:00:00,10.0.0.3,192.168.1.2,login,1631
2023-01-19 05:00:00,10.0.0.1,192.168.1.2,login,3090
2023-01-19 06:00:00,10.0.0.3,192.168.1.2,login,7255
2023-01-19 07:00:00,10.0.0.3,192.168.1.2,login,4593
2023-01-19 08:00:00,10.0.0.2,192.168.1.1,malware_detected,9435
2023-01-19 09:00:00,10.0.0.3,192.168.1.2,login,1033
2023-01-19 10:00:00,10.0.0.2,192.168.1.2,malware_detected,1560
2023-01-19 11:00:00,10.0.0.1,192.168.1.2,file_access,2823
2023-01-19 12:00:00,10.0.0.2,192.168.1.1,login,385
2023-01-19 13:00:00,10.0.0.1,192.168.1.2,file_access,364
2023-01-19 14:00:00,10.0.0.2,192.168.1.1,file_access,6916
2023-01-19 15:00:00,10.0.0.3,192.168.1.2,file_access,1862
2023-01-19 16:00:00,10.0.0.3,192.168.1.1,malware_detected,140
2023-01-19 17:00:00,10.0.0.1,192.168.1.1,file_access,5927
2023-01-19 18:00:00,10.0.0.1,192.168.1.2,file_access,8359
2023-01-19 19:00:00,10.0.0.1,192.168.1.2,file_access,1087
2023-01-19 20:00:00,10.0.0.2,192.168.1.1,login,7904
2023-01-19 21:00:00,10.0.0.2,192.168.1.2,login,7889
2023-01-19 22:00:00,10.0.0.1,192.168.1.1,malware_detected,5817
2023-01-19 23:00:00,10.0.0.3,192.168.1.1,malware_detected,3298
2023-01-20 00:00:00,10.0.0.2,192.168.1.1,login,5474
2023-01-20 01:00:00,10.0.0.2,192.168.1.1,malware_detected,4890
2023-01-20 02:00:00,10.0.0.2,192.168.1.1,login,7283
2023-01-20 03:00:00,10.0.0.1,192.168.1.2,file_access,2624
2023-01-20 04:00:00,10.0.0.1,192.168.1.1,file_access,9377
2023-01-20 05:00:00,10.0.0.1,192.168.1.1,malware_detected,2579
2023-01-20 06:00:00,10.0.0.1,192.168.1.2,login,9985
2023-01-20 07:00:00,10.0.0.1,192.168.1.1,login,5254
2023-01-20 08:00:00,10.0.0.3,192.168.1.2,malware_detected,878
2023-01-20 09:00:00,10.0.0.3,192.168.1.2,login,9877
2023-01-20 10:00:00,10.0.0.1,192.168.1.2,file_access,1592
2023-01-20 11:00:00,10.0.0.2,192.168.1.1,malware_detected,760
2023-01-20 12:00:00,10.0.0.1,192.168.1.1,malware_detected,1448
2023-01-20 13:00:00,10.0.0.3,192.168.1.1,login,9591
2023-01-20 14:00:00,10.0.0.3,192.168.1.2,malware_detected,7951
2023-01-20 15:00:00,10.0.0.2,192.168.1.1,login,7256
2023-01-20 16:00:00,10.0.0.3,192.168.1.2,login,2144
2023-01-20 17:00:00,10.0.0.1,192.168.1.1,login,7468
2023-01-20 18:00:00,10.0.0.2,192.168.1.2,login,3616
2023-01-20 19:00:00,10.0.0.1,192.168.1.1,login,9350
2023-01-20 20:00:00,10.0.0.1,192.168.1.1,malware_detected,9268
2023-01-20 21:00:00,10.0.0.2,192.168.1.1,file_access,4677
2023-01-20 22:00:00,10.0.0.1,192.168.1.2,file_access,827
2023-01-20 23:00:00,10.0.0.3,192.168.1.2,malware_detected,7568
2023-01-21 00:00:00,10.0.0.1,192.168.1.1,malware_detected,442
2023-01-21 01:00:00,10.0.0.2,192.168.1.1,file_access,1547
2023-01-21 02:00:00,10.0.0.2,192.168.1.2,file_access,6681
2023-01-21 03:00:00,10.0.0.2,192.168.1.2,file_access,6417
2023-01-21 04:00:00,10.0.0.1,192.168.1.2,file_access,626
2023-01-21 05:00:00,10.0.0.2,192.168.1.1,file_access,6848
2023-01-21 06:00:00,10.0.0.2,192.168.1.2,login,505
2023-01-21 07:00:00,10.0.0.1,192.168.1.1,malware_detected,8086
2023-01-21 08:00:00,10.0.0.3,192.168.1.2,login,9865
2023-01-21 09:00:00,10.0.0.1,192.168.1.1,file_access,3840
2023-01-21 10:00:00,10.0.0.2,192.168.1.2,file_access,1946
2023-01-21 11:00:00,10.0.0.2,192.168.1.2,file_access,1578
2023-01-21 12:00:00,10.0.0.1,192.168.1.2,login,871
2023-01-21 13:00:00,10.0.0.3,192.168.1.2,login,5625
2023-01-21 14:00:00,10.0.0.2,192.168.1.2,file_access,8870
2023-01-21 15:00:00,10.0.0.2,192.168.1.1,login,293
2023-01-21 16:00:00,10.0.0.2,192.168.1.2,login,2107
2023-01-21 17:00:00,10.0.0.1,192.168.1.2,file_access,1285
2023-01-21 18:00:00,10.0.0.2,192.168.1.2,login,2494
2023-01-21 19:00:00,10.0.0.3,192.168.1.1,malware_detected,9402
2023-01-21 20:00:00,10.0.0.2,192.168.1.2,malware_detected,4105
2023-01-21 21:00:00,10.0.0.2,192.168.1.1,malware_detected,7529
2023-01-21 22:00:00,10.0.0.3,192.168.1.2,malware_detected,2361
2023-01-21 23:00:00,10.0.0.2,192.168.1.2,file_access,3836
2023-01-22 00:00:00,10.0.0.1,192.168.1.1,file_access,6816
2023-01-22 01:00:00,10.0.0.1,192.168.1.2,file_access,4975
2023-01-22 02:00:00,10.0.0.1,192.168.1.1,malware_detected,9021
2023-01-22 03:00:00,10.0.0.3,192.168.1.1,malware_detected,4478
2023-01-22 04:00:00,10.0.0.2,192.168.1.2,login,7915
2023-01-22 05:00:00,10.0.0.1,192.168.1.1,login,3551
2023-01-22 06:00:00,10.0.0.3,192.168.1.2,malware_detected,7716
2023-01-22 07:00:00,10.0.0.2,192.168.1.2,malware_detected,9936
2023-01-22 08:00:00,10.0.0.3,192.168.1.1,malware_detected,2900
2023-01-22 09:00:00,10.0.0.1,192.168.1.1,malware_detected,8433
2023-01-22 10:00:00,10.0.0.1,192.168.1.1,login,5510
2023-01-22 11:00:00,10.0.0.1,192.168.1.1,malware_detected,1555
2023-01-22 12:00:00,10.0.0.3,192.168.1.2,login,6992
2023-01-22 13:00:00,10.0.0.3,192.168.1.2,malware_detected,5908
2023-01-22 14:00:00,10.0.0.1,192.168.1.1,malware_detected,6896
2023-01-22 15:00:00,10.0.0.3,192.168.1.2,malware_detected,4896
2023-01-22 16:00:00,10.0.0.1,192.168.1.2,login,5193
2023-01-22 17:00:00,10.0.0.1,192.168.1.2,login,1425
2023-01-22 18:00:00,10.0.0.2,192.168.1.2,file_access,5076
2023-01-22 19:00:00,10.0.0.3,192.168.1.1,malware_detected,9505
2023-01-22 20:00:00,10.0.0.1,192.168.1.1,file_access,1259
2023-01-22 21:00:00,10.0.0.1,192.168.1.2,file_access,4750
2023-01-22 22:00:00,10.0.0.3,192.168.1.1,login,5087
2023-01-22 23:00:00,10.0.0.2,192.168.1.1,login,4797
2023-01-23 00:00:00,10.0.0.2,192.168.1.1,file_access,440
2023-01-23 01:00:00,10.0.0.1,192.168.1.2,malware_detected,3928
2023-01-23 02:00:00,10.0.0.3,192.168.1.2,login,2068
2023-01-23 03:00:00,10.0.0.2,192.168.1.2,malware_detected,803
2023-01-23 04:00:00,10.0.0.3,192.168.1.1,malware_detected,5582
2023-01-23 05:00:00,10.0.0.3,192.168.1.2,file_access,6476
2023-01-23 06:00:00,10.0.0.1,192.168.1.2,file_access,1900
2023-01-23 07:00:00,10.0.0.2,192.168.1.1,file_access,5563
2023-01-23 08:00:00,10.0.0.1,192.168.1.2,file_access,5012
2023-01-23 09:00:00,10.0.0.2,192.168.1.2,login,4748
2023-01-23 10:00:00,10.0.0.2,192.168.1.1,login,955
2023-01-23 11:00:00,10.0.0.2,192.168.1.1,file_access,2966
2023-01-23 12:00:00,10.0.0.2,192.168.1.1,login,282
2023-01-23 13:00:00,10.0.0.2,192.168.1.2,file_access,3212
2023-01-23 14:00:00,10.0.0.3,192.168.1.2,malware_detected,5770
2023-01-23 15:00:00,10.0.0.1,192.168.1.2,malware_detected,4592
2023-01-23 16:00:00,10.0.0.3,192.168.1.1,malware_detected,5923
2023-01-23 17:00:00,10.0.0.2,192.168.1.1,file_access,1617
2023-01-23 18:00:00,10.0.0.1,192.168.1.2,malware_detected,5102
2023-01-23 19:00:00,10.0.0.2,192.168.1.2,login,1456
2023-01-23 20:00:00,10.0.0.1,192.168.1.1,malware_detected,3729
2023-01-23 21:00:00,10.0.0.3,192.168.1.1,malware_detected,3728
2023-01-23 22:00:00,10.0.0.1,192.168.1.1,malware_detected,8310
2023-01-23 23:00:00,10.0.0.1,192.168.1.1,login,6232
2023-01-24 00:00:00,10.0.0.1,192.168.1.2,file_access,9424
2023-01-24 01:00:00,10.0.0.1,192.168.1.1,login,6688
2023-01-24 02:00:00,10.0.0.1,192.168.1.2,file_access,3411
2023-01-24 03:00:00,10.0.0.2,192.168.1.2,file_access,6148
2023-01-24 04:00:00,10.0.0.1,192.168.1.2,malware_detected,6346
2023-01-24 05:00:00,10.0.0.1,192.168.1.1,file_access,1087
2023-01-24 06:00:00,10.0.0.3,192.168.1.1,login,3421
2023-01-24 07:00:00,10.0.0.1,192.168.1.1,login,4715
2023-01-24 08:00:00,10.0.0.3,192.168.1.1,file_access,8465
2023-01-24 09:00:00,10.0.0.2,192.168.1.2,malware_detected,3841
2023-01-24 10:00:00,10.0.0.1,192.168.1.1,malware_detected,3152
2023-01-24 11:00:00,10.0.0.3,192.168.1.1,login,6674
2023-01-24 12:00:00,10.0.0.3,192.168.1.2,malware_detected,826
2023-01-24 13:00:00,10.0.0.2,192.168.1.1,file_access,3860
2023-01-24 14:00:00,10.0.0.1,192.168.1.2,file_access,5906
2023-01-24 15:00:00,10.0.0.1,192.168.1.2,login,1975
2023-01-24 16:00:00,10.0.0.3,192.168.1.2,file_access,7093
2023-01-24 17:00:00,10.0.0.1,192.168.1.2,login,4133
2023-01-24 18:00:00,10.0.0.3,192.168.1.2,file_access,5543
2023-01-24 19:00:00,10.0.0.1,192.168.1.2,login,1089
2023-01-24 20:00:00,10.0.0.3,192.168.1.2,malware_detected,3844
2023-01-24 21:00:00,10.0.0.1,192.168.1.2,file_access,8711
2023-01-24 22:00:00,10.0.0.2,192.168.1.1,file_access,693
2023-01-24 23:00:00,10.0.0.1,192.168.1.1,login,1874
2023-01-25 00:00:00,10.0.0.1,192.168.1.1,login,1035
2023-01-25 01:00:00,10.0.0.2,192.168.1.1,file_access,3908
2023-01-25 02:00:00,10.0.0.1,192.168.1.2,login,431
2023-01-25 03:00:00,10.0.0.2,192.168.1.1,file_access,8022
2023-01-25 04:00:00,10.0.0.1,192.168.1.2,malware_detected,2802
2023-01-25 05:00:00,10.0.0.3,192.168.1.1,login,5989
2023-01-25 06:00:00,10.0.0.3,192.168.1.1,file_access,5154
2023-01-25 07:00:00,10.0.0.1,192.168.1.1,malware_detected,3968
2023-01-25 08:00:00,10.0.0.1,192.168.1.2,malware_detected,4300
2023-01-25 09:00:00,10.0.0.1,192.168.1.1,file_access,301
2023-01-25 10:00:00,10.0.0.3,192.168.1.2,login,2597
2023-01-25 11:00:00,10.0.0.1,192.168.1.2,file_access,1942
2023-01-25 12:00:00,10.0.0.3,192.168.1.1,malware_detected,9201
2023-01-25 13:00:00,10.0.0.2,192.168.1.1,file_access,4758
2023-01-25 14:00:00,10.0.0.3,192.168.1.1,login,7644
2023-01-25 15:00:00,10.0.0.3,192.168.1.2,malware_detected,7818
2023-01-25 16:00:00,10.0.0.2,192.168.1.1,file_access,870
2023-01-25 17:00:00,10.0.0.3,192.168.1.2,login,3255
2023-01-25 18:00:00,10.0.0.1,192.168.1.2,malware_detected,1728
2023-01-25 19:00:00,10.0.0.1,192.168.1.1,login,486
2023-01-25 20:00:00,10.0.0.3,192.168.1.1,malware_detected,6131
2023-01-25 21:00:00,10.0.0.1,192.168.1.2,file_access,6539
2023-01-25 22:00:00,10.0.0.3,192.168.1.2,login,6501
2023-01-25 23:00:00,10.0.0.1,192.168.1.2,malware_detected,4108
2023-01-26 00:00:00,10.0.0.1,192.168.1.1,login,2566
2023-01-26 01:00:00,10.0.0.3,192.168.1.2,login,2382
2023-01-26 02:00:00,10.0.0.1,192.168.1.1,file_access,1956
2023-01-26 03:00:00,10.0.0.3,192.168.1.2,login,8080
2023-01-26 04:00:00,10.0.0.1,192.168.1.2,malware_detected,2098
2023-01-26 05:00:00,10.0.0.1,192.168.1.1,malware_detected,5576
2023-01-26 06:00:00,10.0.0.2,192.168.1.2,malware_detected,9528
2023-01-26 07:00:00,10.0.0.2,192.168.1.1,malware_detected,4769
2023-01-26 08:00:00,10.0.0.3,192.168.1.1,file_access,9442
2023-01-26 09:00:00,10.0.0.2,192.168.1.2,login,4418
2023-01-26 10:00:00,10.0.0.3,192.168.1.1,file_access,7164
2023-01-26 11:00:00,10.0.0.2,192.168.1.1,login,7546
2023-01-26 12:00:00,10.0.0.1,192.168.1.2,login,1531
2023-01-26 13:00:00,10.0.0.3,192.168.1.1,login,5724
2023-01-26 14:00:00,10.0.0.3,192.168.1.1,file_access,7561
2023-01-26 15:00:00,10.0.0.1,192.168.1.1,login,1919
2023-01-26 16:00:00,10.0.0.3,192.168.1.2,file_access,1230
2023-01-26 17:00:00,10.0.0.3,192.168.1.1,malware_detected,6663
2023-01-26 18:00:00,10.0.0.2,192.168.1.2,malware_detected,2758
2023-01-26 19:00:00,10.0.0.3,192.168.1.2,login,3600
2023-01-26 20:00:00,10.0.0.1,192.168.1.1,file_access,8666
2023-01-26 21:00:00,10.0.0.2,192.168.1.1,malware_detected,2220
2023-01-26 22:00:00,10.0.0.2,192.168.1.1,file_access,4120
2023-01-26 23:00:00,10.0.0.1,192.168.1.2,file_access,3359
2023-01-27 00:00:00,10.0.0.1,192.168.1.1,login,1923
2023-01-27 01:00:00,10.0.0.2,192.168.1.1,malware_detected,1574
2023-01-27 02:00:00,10.0.0.3,192.168.1.1,login,2342
2023-01-27 03:00:00,10.0.0.2,192.168.1.1,login,3343
2023-01-27 04:00:00,10.0.0.1,192.168.1.1,malware_detected,7090
2023-01-27 05:00:00,10.0.0.2,192.168.1.2,malware_detected,5260
2023-01-27 06:00:00,10.0.0.1,192.168.1.2,file_access,3234
2023-01-27 07:00:00,10.0.0.2,192.168.1.1,malware_detected,2170
2023-01-27 08:00:00,10.0.0.3,192.168.1.1,file_access,459
2023-01-27 09:00:00,10.0.0.2,192.168.1.1,file_access,1241
2023-01-27 10:00:00,10.0.0.2,192.168.1.1,file_access,1735
2023-01-27 11:00:00,10.0.0.1,192.168.1.2,malware_detected,4100
2023-01-27 12:00:00,10.0.0.1,192.168.1.1,login,3461
2023-01-27 13:00:00,10.0.0.1,192.168.1.2,file_access,6683
2023-01-27 14:00:00,10.0.0.2,192.168.1.2,login,7935
2023-01-27 15:00:00,10.0.0.3,192.168.1.1,login,106
2023-01-27 16:00:00,10.0.0.1,192.168.1.2,malware_detected,3367
2023-01-27 17:00:00,10.0.0.1,192.168.1.2,login,6664
2023-01-27 18:00:00,10.0.0.2,192.168.1.2,login,9883
2023-01-27 19:00:00,10.0.0.1,192.168.1.2,malware_detected,5028
2023-01-27 20:00:00,10.0.0.3,192.168.1.1,file_access,2706
2023-01-27 21:00:00,10.0.0.3,192.168.1.1,login,6006
2023-01-27 22:00:00,10.0.0.1,192.168.1.2,malware_detected,3373
2023-01-27 23:00:00,10.0.0.1,192.168.1.1,login,7711
2023-01-28 00:00:00,10.0.0.2,192.168.1.1,login,1013
2023-01-28 01:00:00,10.0.0.3,192.168.1.1,file_access,2111
2023-01-28 02:00:00,10.0.0.3,192.168.1.1,login,1542
2023-01-28 03:00:00,10.0.0.1,192.168.1.1,malware_detected,5646
2023-01-28 04:00:00,10.0.0.2,192.168.1.2,login,1929
2023-01-28 05:00:00,10.0.0.3,192.168.1.1,file_access,8867
2023-01-28 06:00:00,10.0.0.3,192.168.1.1,file_access,6568
2023-01-28 07:00:00,10.0.0.2,192.168.1.1,malware_detected,1029
2023-01-28 08:00:00,10.0.0.2,192.168.1.1,file_access,3799
2023-01-28 09:00:00,10.0.0.3,192.168.1.2,login,9755
2023-01-28 10:00:00,10.0.0.3,192.168.1.2,file_access,1154
2023-01-28 11:00:00,10.0.0.2,192.168.1.2,malware_detected,5844
2023-01-28 12:00:00,10.0.0.3,192.168.1.2,file_access,2000
2023-01-28 13:00:00,10.0.0.1,192.168.1.1,file_access,9749
2023-01-28 14:00:00,10.0.0.1,192.168.1.2,file_access,7080
2023-01-28 15:00:00,10.0.0.2,192.168.1.1,malware_detected,7169
2023-01-28 16:00:00,10.0.0.2,192.168.1.1,file_access,9691
2023-01-28 17:00:00,10.0.0.2,192.168.1.1,file_access,3515
2023-01-28 18:00:00,10.0.0.1,192.168.1.1,login,542
2023-01-28 19:00:00,10.0.0.3,192.168.1.1,malware_detected,6318
2023-01-28 20:00:00,10.0.0.1,192.168.1.2,file_access,4752
2023-01-28 21:00:00,10.0.0.3,192.168.1.2,malware_detected,8039
2023-01-28 22:00:00,10.0.0.1,192.168.1.2,file_access,7933
2023-01-28 23:00:00,10.0.0.3,192.168.1.2,file_access,9470
2023-01-29 00:00:00,10.0.0.1,192.168.1.1,file_access,7697
2023-01-29 01:00:00,10.0.0.2,192.168.1.2,login,4558
2023-01-29 02:00:00,10.0.0.1,192.168.1.1,login,6691
2023-01-29 03:00:00,10.0.0.3,192.168.1.2,login,9549
2023-01-29 04:00:00,10.0.0.1,192.168.1.1,malware_detected,2409
2023-01-29 05:00:00,10.0.0.1,192.168.1.1,malware_detected,6368
2023-01-29 06:00:00,10.0.0.1,192.168.1.2,login,1010
2023-01-29 07:00:00,10.0.0.2,192.168.1.1,malware_detected,4440
2023-01-29 08:00:00,10.0.0.1,192.168.1.1,file_access,4109
2023-01-29 09:00:00,10.0.0.2,192.168.1.2,file_access,6728
2023-01-29 10:00:00,10.0.0.2,192.168.1.1,file_access,2269
2023-01-29 11:00:00,10.0.0.1,192.168.1.2,login,2272
2023-01-29 12:00:00,10.0.0.1,192.168.1.2,malware_detected,5768
2023-01-29 13:00:00,10.0.0.1,192.168.1.2,login,6413
2023-01-29 14:00:00,10.0.0.3,192.168.1.1,malware_detected,8415
2023-01-29 15:00:00,10.0.0.1,192.168.1.1,file_access,8136
2023-01-29 16:00:00,10.0.0.2,192.168.1.1,login,6889
2023-01-29 17:00:00,10.0.0.1,192.168.1.2,malware_detected,885
2023-01-29 18:00:00,10.0.0.3,192.168.1.1,malware_detected,6239
2023-01-29 19:00:00,10.0.0.1,192.168.1.2,file_access,6444
2023-01-29 20:00:00,10.0.0.3,192.168.1.2,login,2516
2023-01-29 21:00:00,10.0.0.3,192.168.1.1,login,9088
2023-01-29 22:00:00,10.0.0.1,192.168.1.2,login,4254
2023-01-29 23:00:00,10.0.0.2,192.168.1.1,file_access,5719
2023-01-30 00:00:00,10.0.0.3,192.168.1.1,login,2036
2023-01-30 01:00:00,10.0.0.1,192.168.1.1,file_access,3907
2023-01-30 02:00:00,10.0.0.1,192.168.1.1,file_access,7251
2023-01-30 03:00:00,10.0.0.2,192.168.1.1,file_access,9593
2023-01-30 04:00:00,10.0.0.3,192.168.1.2,malware_detected,3336
2023-01-30 05:00:00,10.0.0.3,192.168.1.2,login,2452
2023-01-30 06:00:00,10.0.0.1,192.168.1.2,login,2032
2023-01-30 07:00:00,10.0.0.1,192.168.1.1,file_access,8656
2023-01-30 08:00:00,10.0.0.2,192.168.1.1,file_access,5016
2023-01-30 09:00:00,10.0.0.2,192.168.1.1,login,5598
2023-01-30 10:00:00,10.0.0.3,192.168.1.2,file_access,1046
2023-01-30 11:00:00,10.0.0.3,192.168.1.1,login,9669
2023-01-30 12:00:00,10.0.0.1,192.168.1.2,malware_detected,1539
2023-01-30 13:00:00,10.0.0.3,192.168.1.2,file_access,7830
2023-01-30 14:00:00,10.0.0.2,192.168.1.1,login,4957
2023-01-30 15:00:00,10.0.0.2,192.168.1.1,file_access,440
2023-01-30 16:00:00,10.0.0.1,192.168.1.2,login,482
2023-01-30 17:00:00,10.0.0.2,192.168.1.1,login,9848
2023-01-30 18:00:00,10.0.0.2,192.168.1.2,file_access,8591
2023-01-30 19:00:00,10.0.0.2,192.168.1.1,malware_detected,238
2023-01-30 20:00:00,10.0.0.2,192.168.1.1,login,458
2023-01-30 21:00:00,10.0.0.1,192.168.1.2,login,5031
2023-01-30 22:00:00,10.0.0.1,192.168.1.1,login,9814
2023-01-30 23:00:00,10.0.0.3,192.168.1.2,malware_detected,3556
2023-01-31 00:00:00,10.0.0.2,192.168.1.1,malware_detected,1727
2023-01-31 01:00:00,10.0.0.3,192.168.1.2,file_access,9595
2023-01-31 02:00:00,10.0.0.1,192.168.1.2,malware_detected,6726
2023-01-31 03:00:00,10.0.0.1,192.168.1.1,file_access,5104
2023-01-31 04:00:00,10.0.0.1,192.168.1.2,file_access,9426
2023-01-31 05:00:00,10.0.0.1,192.168.1.1,malware_detected,6752
2023-01-31 06:00:00,10.0.0.1,192.168.1.1,file_access,6516
2023-01-31 07:00:00,10.0.0.1,192.168.1.1,malware_detected,3270
2023-01-31 08:00:00,10.0.0.1,192.168.1.2,file_access,3935
2023-01-31 09:00:00,10.0.0.2,192.168.1.2,malware_detected,8117
2023-01-31 10:00:00,10.0.0.3,192.168.1.1,malware_detected,2251
2023-01-31 11:00:00,10.0.0.1,192.168.1.1,file_access,9529
2023-01-31 12:00:00,10.0.0.2,192.168.1.2,login,7005
2023-01-31 13:00:00,10.0.0.2,192.168.1.1,file_access,2934
2023-01-31 14:00:00,10.0.0.3,192.168.1.1,malware_detected,9290
2023-01-31 15:00:00,10.0.0.1,192.168.1.2,login,2667
2023-01-31 16:00:00,10.0.0.3,192.168.1.1,file_access,1407
2023-01-31 17:00:00,10.0.0.1,192.168.1.2,file_access,8948
2023-01-31 18:00:00,10.0.0.2,192.168.1.1,file_access,2760
2023-01-31 19:00:00,10.0.0.2,192.168.1.2,login,3830
2023-01-31 20:00:00,10.0.0.2,192.168.1.1,malware_detected,6307
2023-01-31 21:00:00,10.0.0.2,192.168.1.1,file_access,3262
2023-01-31 22:00:00,10.0.0.3,192.168.1.2,file_access,1240
2023-01-31 23:00:00,10.0.0.1,192.168.1.1,file_access,8558
2023-02-01 00:00:00,10.0.0.1,192.168.1.2,file_access,1808
2023-02-01 01:00:00,10.0.0.3,192.168.1.1,file_access,3730
2023-02-01 02:00:00,10.0.0.1,192.168.1.2,malware_detected,3311
2023-02-01 03:00:00,10.0.0.2,192.168.1.2,malware_detected,6638
2023-02-01 04:00:00,10.0.0.1,192.168.1.2,file_access,9802
2023-02-01 05:00:00,10.0.0.2,192.168.1.2,login,575
2023-02-01 06:00:00,10.0.0.3,192.168.1.1,malware_detected,7784
2023-02-01 07:00:00,10.0.0.1,192.168.1.1,login,9268
2023-02-01 08:00:00,10.0.0.3,192.168.1.2,malware_detected,1307
2023-02-01 09:00:00,10.0.0.1,192.168.1.2,file_access,2060
2023-02-01 10:00:00,10.0.0.2,192.168.1.2,malware_detected,657
2023-02-01 11:00:00,10.0.0.3,192.168.1.1,file_access,982
2023-02-01 12:00:00,10.0.0.1,192.168.1.1,malware_detected,4861
2023-02-01 13:00:00,10.0.0.2,192.168.1.1,file_access,5967
2023-02-01 14:00:00,10.0.0.3,192.168.1.1,file_access,7063
2023-02-01 15:00:00,10.0.0.3,192.168.1.2,file_access,7266
2023-02-01 16:00:00,10.0.0.1,192.168.1.2,file_access,8029
2023-02-01 17:00:00,10.0.0.1,192.168.1.2,login,5447
2023-02-01 18:00:00,10.0.0.1,192.168.1.1,file_access,7369
2023-02-01 19:00:00,10.0.0.2,192.168.1.1,login,9902
2023-02-01 20:00:00,10.0.0.1,192.168.1.1,login,8225
2023-02-01 21:00:00,10.0.0.3,192.168.1.2,file_access,2554
2023-02-01 22:00:00,10.0.0.3,192.168.1.2,login,4594
2023-02-01 23:00:00,10.0.0.1,192.168.1.1,malware_detected,2046
2023-02-02 00:00:00,10.0.0.1,192.168.1.2,file_access,2908
2023-02-02 01:00:00,10.0.0.3,192.168.1.1,login,6742
2023-02-02 02:00:00,10.0.0.2,192.168.1.1,file_access,3925
2023-02-02 03:00:00,10.0.0.1,192.168.1.2,file_access,3636
2023-02-02 04:00:00,10.0.0.1,192.168.1.1,file_access,6168
2023-02-02 05:00:00,10.0.0.3,192.168.1.2,login,3902
2023-02-02 06:00:00,10.0.0.1,192.168.1.1,malware_detected,4799
2023-02-02 07:00:00,10.0.0.2,192.168.1.2,malware_detected,2070
2023-02-02 08:00:00,10.0.0.3,192.168.1.2,login,5906
2023-02-02 09:00:00,10.0.0.1,192.168.1.2,file_access,6242
2023-02-02 10:00:00,10.0.0.3,192.168.1.1,login,2919
2023-02-02 11:00:00,10.0.0.1,192.168.1.1,login,9194
2023-02-02 12:00:00,10.0.0.1,192.168.1.2,login,464
2023-02-02 13:00:00,10.0.0.1,192.168.1.2,file_access,4358
2023-02-02 14:00:00,10.0.0.2,192.168.1.1,login,3219
2023-02-02 15:00:00,10.0.0.2,192.168.1.1,file_access,1963
2023-02-02 16:00:00,10.0.0.3,192.168.1.1,login,215
2023-02-02 17:00:00,10.0.0.1,192.168.1.2,malware_detected,7184
2023-02-02 18:00:00,10.0.0.1,192.168.1.1,login,8116
2023-02-02 19:00:00,10.0.0.2,192.168.1.1,login,2484
2023-02-02 20:00:00,10.0.0.1,192.168.1.2,malware_detected,4035
2023-02-02 21:00:00,10.0.0.2,192.168.1.1,file_access,7842
2023-02-02 22:00:00,10.0.0.1,192.168.1.1,file_access,5542
2023-02-02 23:00:00,10.0.0.3,192.168.1.1,login,2590
2023-02-03 00:00:00,10.0.0.1,192.168.1.2,malware_detected,7080
2023-02-03 01:00:00,10.0.0.1,192.168.1.2,file_access,9234
2023-02-03 02:00:00,10.0.0.2,192.168.1.2,login,7761
2023-02-03 03:00:00,10.0.0.1,192.168.1.2,malware_detected,1824
2023-02-03 04:00:00,10.0.0.1,192.168.1.2,file_access,8282
2023-02-03 05:00:00,10.0.0.2,192.168.1.2,file_access,2867
2023-02-03 06:00:00,10.0.0.3,192.168.1.2,malware_detected,1237
2023-02-03 07:00:00,10.0.0.3,192.168.1.1,malware_detected,4217
2023-02-03 08:00:00,10.0.0.2,192.168.1.1,malware_detected,3520
2023-02-03 09:00:00,10.0.0.2,192.168.1.2,malware_detected,5945
2023-02-03 10:00:00,10.0.0.2,192.168.1.1,login,4878
2023-02-03 11:00:00,10.0.0.2,192.168.1.1,malware_detected,4006
2023-02-03 12:00:00,10.0.0.2,192.168.1.2,file_access,3737
2023-02-03 13:00:00,10.0.0.3,192.168.1.1,file_access,3053
2023-02-03 14:00:00,10.0.0.3,192.168.1.1,login,6029
2023-02-03 15:00:00,10.0.0.2,192.168.1.1,file_access,376
2023-02-03 16:00:00,10.0.0.1,192.168.1.1,file_access,2099
2023-02-03 17:00:00,10.0.0.2,192.168.1.1,malware_detected,1327
2023-02-03 18:00:00,10.0.0.1,192.168.1.2,file_access,6437
2023-02-03 19:00:00,10.0.0.2,192.168.1.2,login,3835
2023-02-03 20:00:00,10.0.0.2,192.168.1.2,malware_detected,795
2023-02-03 21:00:00,10.0.0.3,192.168.1.1,malware_detected,9601
2023-02-03 22:00:00,10.0.0.1,192.168.1.2,login,4252
2023-02-03 23:00:00,10.0.0.1,192.168.1.1,malware_detected,8001
2023-02-04 00:00:00,10.0.0.3,192.168.1.1,malware_detected,7570
2023-02-04 01:00:00,10.0.0.3,192.168.1.1,login,7637
2023-02-04 02:00:00,10.0.0.3,192.168.1.1,malware_detected,2941
2023-02-04 03:00:00,10.0.0.3,192.168.1.2,login,4308
2023-02-04 04:00:00,10.0.0.1,192.168.1.2,login,8833
2023-02-04 05:00:00,10.0.0.1,192.168.1.1,file_access,1188
2023-02-04 06:00:00,10.0.0.2,192.168.1.2,file_access,3463
2023-02-04 07:00:00,10.0.0.2,192.168.1.1,malware_detected,124
2023-02-04 08:00:00,10.0.0.3,192.168.1.2,malware_detected,9864
2023-02-04 09:00:00,10.0.0.3,192.168.1.2,login,6244
2023-02-04 10:00:00,10.0.0.3,192.168.1.1,malware_detected,5768
2023-02-04 11:00:00,10.0.0.2,192.168.1.2,login,4336
2023-02-04 12:00:00,10.0.0.2,192.168.1.1,login,8168
2023-02-04 13:00:00,10.0.0.2,192.168.1.2,malware_detected,2335
2023-02-04 14:00:00,10.0.0.2,192.168.1.1,login,7395
2023-02-04 15:00:00,10.0.0.2,192.168.1.1,file_access,8492
2023-02-04 16:00:00,10.0.0.2,192.168.1.2,malware_detected,8548
2023-02-04 17:00:00,10.0.0.2,192.168.1.2,file_access,3847
2023-02-04 18:00:00,10.0.0.3,192.168.1.1,malware_detected,3275
2023-02-04 19:00:00,10.0.0.3,192.168.1.2,login,4997
2023-02-04 20:00:00,10.0.0.3,192.168.1.2,malware_detected,5137
2023-02-04 21:00:00,10.0.0.3,192.168.1.1,file_access,7527
2023-02-04 22:00:00,10.0.0.2,192.168.1.1,login,8705
2023-02-04 23:00:00,10.0.0.1,192.168.1.2,malware_detected,2114
2023-02-05 00:00:00,10.0.0.2,192.168.1.1,malware_detected,1481
2023-02-05 01:00:00,10.0.0.1,192.168.1.1,malware_detected,1198
2023-02-05 02:00:00,10.0.0.3,192.168.1.1,file_access,3526
2023-02-05 03:00:00,10.0.0.2,192.168.1.2,file_access,3755
2023-02-05 04:00:00,10.0.0.3,192.168.1.2,malware_detected,8038
2023-02-05 05:00:00,10.0.0.2,192.168.1.1,login,9201
2023-02-05 06:00:00,10.0.0.3,192.168.1.2,login,287
2023-02-05 07:00:00,10.0.0.1,192.168.1.1,file_access,5509
2023-02-05 08:00:00,10.0.0.1,192.168.1.2,login,2192
2023-02-05 09:00:00,10.0.0.1,192.168.1.1,file_access,2230
2023-02-05 10:00:00,10.0.0.2,192.168.1.1,malware_detected,5342
2023-02-05 11:00:00,10.0.0.1,192.168.1.2,file_access,8649
2023-02-05 12:00:00,10.0.0.2,192.168.1.1,file_access,5747
2023-02-05 13:00:00,10.0.0.1,192.168.1.2,malware_detected,5285
2023-02-05 14:00:00,10.0.0.1,192.168.1.2,login,5876
2023-02-05 15:00:00,10.0.0.2,192.168.1.1,file_access,8013
2023-02-05 16:00:00,10.0.0.2,192.168.1.1,file_access,7647
2023-02-05 17:00:00,10.0.0.1,192.168.1.2,malware_detected,7923
2023-02-05 18:00:00,10.0.0.2,192.168.1.1,login,7455
2023-02-05 19:00:00,10.0.0.1,192.168.1.1,file_access,6565
2023-02-05 20:00:00,10.0.0.2,192.168.1.1,malware_detected,1597
2023-02-05 21:00:00,10.0.0.3,192.168.1.1,file_access,2655
2023-02-05 22:00:00,10.0.0.3,192.168.1.1,malware_detected,5509
2023-02-05 23:00:00,10.0.0.3,192.168.1.2,login,3051
2023-02-06 00:00:00,10.0.0.3,192.168.1.2,login,1338
2023-02-06 01:00:00,10.0.0.3,192.168.1.1,login,9265
2023-02-06 02:00:00,10.0.0.1,192.168.1.1,login,4827
2023-02-06 03:00:00,10.0.0.3,192.168.1.1,file_access,4065
2023-02-06 04:00:00,10.0.0.3,192.168.1.2,file_access,5786
2023-02-06 05:00:00,10.0.0.3,192.168.1.1,login,9342
2023-02-06 06:00:00,10.0.0.3,192.168.1.2,login,3801
2023-02-06 07:00:00,10.0.0.2,192.168.1.2,login,2880
2023-02-06 08:00:00,10.0.0.1,192.168.1.2,file_access,7498
2023-02-06 09:00:00,10.0.0.3,192.168.1.1,login,1688
2023-02-06 10:00:00,10.0.0.3,192.168.1.2,login,2468
2023-02-06 11:00:00,10.0.0.3,192.168.1.1,login,5889
2023-02-06 12:00:00,10.0.0.1,192.168.1.2,malware_detected,536
2023-02-06 13:00:00,10.0.0.2,192.168.1.1,login,2928
2023-02-06 14:00:00,10.0.0.1,192.168.1.2,malware_detected,1656
2023-02-06 15:00:00,10.0.0.2,192.168.1.1,malware_detected,7670
2023-02-06 16:00:00,10.0.0.3,192.168.1.2,login,7580
2023-02-06 17:00:00,10.0.0.3,192.168.1.1,malware_detected,9596
2023-02-06 18:00:00,10.0.0.1,192.168.1.1,login,282
2023-02-06 19:00:00,10.0.0.1,192.168.1.1,file_access,7290
2023-02-06 20:00:00,10.0.0.2,192.168.1.1,file_access,6787
2023-02-06 21:00:00,10.0.0.2,192.168.1.2,file_access,5665
2023-02-06 22:00:00,10.0.0.1,192.168.1.2,file_access,7341
2023-02-06 23:00:00,10.0.0.2,192.168.1.1,malware_detected,7751
2023-02-07 00:00:00,10.0.0.1,192.168.1.2,login,5675
2023-02-07 01:00:00,10.0.0.2,192.168.1.1,login,1689
2023-02-07 02:00:00,10.0.0.1,192.168.1.1,login,9879
2023-02-07 03:00:00,10.0.0.1,192.168.1.2,file_access,8951
2023-02-07 04:00:00,10.0.0.1,192.168.1.1,file_access,259
2023-02-07 05:00:00,10.0.0.2,192.168.1.1,login,6655
2023-02-07 06:00:00,10.0.0.2,192.168.1.2,file_access,9303
2023-02-07 07:00:00,10.0.0.2,192.168.1.1,login,8344
2023-02-07 08:00:00,10.0.0.1,192.168.1.1,login,6946
2023-02-07 09:00:00,10.0.0.2,192.168.1.1,login,2407
2023-02-07 10:00:00,10.0.0.2,192.168.1.1,login,1328
2023-02-07 11:00:00,10.0.0.1,192.168.1.2,login,7326
2023-02-07 12:00:00,10.0.0.3,192.168.1.2,login,5690
2023-02-07 13:00:00,10.0.0.1,192.168.1.2,login,7019
2023-02-07 14:00:00,10.0.0.2,192.168.1.1,file_access,5685
2023-02-07 15:00:00,10.0.0.1,192.168.1.1,login,9327
2023-02-07 16:00:00,10.0.0.3,192.168.1.2,login,6146
2023-02-07 17:00:00,10.0.0.1,192.168.1.1,file_access,5045
2023-02-07 18:00:00,10.0.0.2,192.168.1.1,file_access,8027
2023-02-07 19:00:00,10.0.0.3,192.168.1.1,file_access,7116
2023-02-07 20:00:00,10.0.0.2,192.168.1.1,login,7858
2023-02-07 21:00:00,10.0.0.3,192.168.1.2,malware_detected,5186
2023-02-07 22:00:00,10.0.0.3,192.168.1.2,malware_detected,9556
2023-02-07 23:00:00,10.0.0.1,192.168.1.2,file_access,7261
2023-02-08 00:00:00,10.0.0.1,192.168.1.1,malware_detected,1984
2023-02-08 01:00:00,10.0.0.2,192.168.1.2,file_access,1909
2023-02-08 02:00:00,10.0.0.1,192.168.1.2,login,3267
2023-02-08 03:00:00,10.0.0.1,192.168.1.1,malware_detected,6452
2023-02-08 04:00:00,10.0.0.3,192.168.1.1,login,9109
2023-02-08 05:00:00,10.0.0.1,192.168.1.2,malware_detected,6156
2023-02-08 06:00:00,10.0.0.3,192.168.1.2,login,2537
2023-02-08 07:00:00,10.0.0.3,192.168.1.2,malware_detected,6568
2023-02-08 08:00:00,10.0.0.3,192.168.1.2,login,9180
2023-02-08 09:00:00,10.0.0.2,192.168.1.1,login,6051
2023-02-08 10:00:00,10.0.0.2,192.168.1.2,malware_detected,5376
2023-02-08 11:00:00,10.0.0.2,192.168.1.2,login,8959
2023-02-08 12:00:00,10.0.0.3,192.168.1.1,login,7918
2023-02-08 13:00:00,10.0.0.2,192.168.1.2,login,4828
2023-02-08 14:00:00,10.0.0.2,192.168.1.1,malware_detected,2724
2023-02-08 15:00:00,10.0.0.1,192.168.1.1,malware_detected,5838
2023-02-08 16:00:00,10.0.0.2,192.168.1.1,login,4332
2023-02-08 17:00:00,10.0.0.2,192.168.1.2,login,5893
2023-02-08 18:00:00,10.0.0.3,192.168.1.2,malware_detected,4623
2023-02-08 19:00:00,10.0.0.3,192.168.1.1,malware_detected,5671
2023-02-08 20:00:00,10.0.0.3,192.168.1.2,login,9110
2023-02-08 21:00:00,10.0.0.3,192.168.1.2,login,9398
2023-02-08 22:00:00,10.0.0.3,192.168.1.1,login,2324
2023-02-08 23:00:00,10.0.0.3,192.168.1.1,file_access,8489
2023-02-09 00:00:00,10.0.0.2,192.168.1.2,malware_detected,6191
2023-02-09 01:00:00,10.0.0.3,192.168.1.1,file_access,8762
2023-02-09 02:00:00,10.0.0.3,192.168.1.2,malware_detected,6461
2023-02-09 03:00:00,10.0.0.1,192.168.1.2,malware_detected,2048
2023-02-09 04:00:00,10.0.0.2,192.168.1.2,malware_detected,7194
2023-02-09 05:00:00,10.0.0.2,192.168.1.2,malware_detected,6418
2023-02-09 06:00:00,10.0.0.2,192.168.1.1,malware_detected,3896
2023-02-09 07:00:00,10.0.0.3,192.168.1.1,malware_detected,334
2023-02-09 08:00:00,10.0.0.3,192.168.1.1,malware_detected,9220
2023-02-09 09:00:00,10.0.0.3,192.168.1.1,file_access,3707
2023-02-09 10:00:00,10.0.0.1,192.168.1.2,login,8143
2023-02-09 11:00:00,10.0.0.3,192.168.1.2,login,622
2023-02-09 12:00:00,10.0.0.1,192.168.1.1,file_access,6004
2023-02-09 13:00:00,10.0.0.2,192.168.1.2,file_access,4988
2023-02-09 14:00:00,10.0.0.3,192.168.1.2,file_access,9921
2023-02-09 15:00:00,10.0.0.1,192.168.1.2,file_access,5932
2023-02-09 16:00:00,10.0.0.1,192.168.1.1,malware_detected,7222
2023-02-09 17:00:00,10.0.0.3,192.168.1.1,login,5942
2023-02-09 18:00:00,10.0.0.2,192.168.1.1,malware_detected,1416
2023-02-09 19:00:00,10.0.0.2,192.168.1.2,login,1224
2023-02-09 20:00:00,10.0.0.2,192.168.1.1,login,5721
2023-02-09 21:00:00,10.0.0.1,192.168.1.1,file_access,5523
2023-02-09 22:00:00,10.0.0.1,192.168.1.1,malware_detected,2687
2023-02-09 23:00:00,10.0.0.1,192.168.1.1,file_access,9315
2023-02-10 00:00:00,10.0.0.1,192.168.1.1,malware_detected,5772
2023-02-10 01:00:00,10.0.0.2,192.168.1.1,login,1478
2023-02-10 02:00:00,10.0.0.3,192.168.1.2,file_access,3474
2023-02-10 03:00:00,10.0.0.1,192.168.1.2,file_access,1619
2023-02-10 04:00:00,10.0.0.1,192.168.1.1,login,5877
2023-02-10 05:00:00,10.0.0.2,192.168.1.1,login,8035
2023-02-10 06:00:00,10.0.0.3,192.168.1.2,login,6193
2023-02-10 07:00:00,10.0.0.3,192.168.1.2,file_access,8518
2023-02-10 08:00:00,10.0.0.2,192.168.1.1,malware_detected,5455
2023-02-10 09:00:00,10.0.0.2,192.168.1.1,file_access,5068
2023-02-10 10:00:00,10.0.0.3,192.168.1.1,malware_detected,9183
2023-02-10 11:00:00,10.0.0.1,192.168.1.1,file_access,5674
2023-02-10 12:00:00,10.0.0.3,192.168.1.2,file_access,4172
2023-02-10 13:00:00,10.0.0.2,192.168.1.1,login,2357
2023-02-10 14:00:00,10.0.0.1,192.168.1.1,malware_detected,8688
2023-02-10 15:00:00,10.0.0.1,192.168.1.1,file_access,4524
2023-02-10 16:00:00,10.0.0.2,192.168.1.1,file_access,3337
2023-02-10 17:00:00,10.0.0.2,192.168.1.2,login,3993
2023-02-10 18:00:00,10.0.0.2,192.168.1.2,login,2105
2023-02-10 19:00:00,10.0.0.3,192.168.1.2,malware_detected,2116
2023-02-10 20:00:00,10.0.0.3,192.168.1.1,file_access,9488
2023-02-10 21:00:00,10.0.0.1,192.168.1.1,malware_detected,1872
2023-02-10 22:00:00,10.0.0.2,192.168.1.2,file_access,8453
2023-02-10 23:00:00,10.0.0.1,192.168.1.1,malware_detected,4076
2023-02-11 00:00:00,10.0.0.1,192.168.1.1,login,1851
2023-02-11 01:00:00,10.0.0.1,192.168.1.2,file_access,9067
2023-02-11 02:00:00,10.0.0.1,192.168.1.2,malware_detected,7530
2023-02-11 03:00:00,10.0.0.2,192.168.1.2,login,7270
2023-02-11 04:00:00,10.0.0.1,192.168.1.2,login,6569
2023-02-11 05:00:00,10.0.0.2,192.168.1.1,malware_detected,9231
2023-02-11 06:00:00,10.0.0.2,192.168.1.1,file_access,3320
2023-02-11 07:00:00,10.0.0.3,192.168.1.2,file_access,639
2023-02-11 08:00:00,10.0.0.2,192.168.1.1,login,1561
2023-02-11 09:00:00,10.0.0.3,192.168.1.2,file_access,5284
2023-02-11 10:00:00,10.0.0.2,192.168.1.2,file_access,8647
2023-02-11 11:00:00,10.0.0.2,192.168.1.1,file_access,334
2023-02-11 12:00:00,10.0.0.2,192.168.1.2,login,1648
2023-02-11 13:00:00,10.0.0.3,192.168.1.1,malware_detected,7580
2023-02-11 14:00:00,10.0.0.3,192.168.1.1,file_access,4313
2023-02-11 15:00:00,10.0.0.1,192.168.1.1,login,1773
